Fam_ID,Offspring_ID,Parent_ID,Parent_Type,Total_Checked,Passed,Failed,Match_%,Failed_Markers,Status
Fam_001,Fam_001_C,Fam_001_F,พ่อ (F),11,11,0,100.0%,-,✅ Pass
Fam_001,Fam_001_C,Fam_001_M,แม่ (M),11,11,0,100.0%,-,✅ Pass
Fam_002,Fam_002_C,Fam_002_F,พ่อ (F),11,11,0,100.0%,-,✅ Pass
Fam_002,Fam_002_C,Fam_002_M,แม่ (M),11,11,0,100.0%,-,✅ Pass
Fam_003,Fam_003_C,Fam_003_F,พ่อ (F),11,11,0,100.0%,-,✅ Pass
Fam_003,Fam_003_C,Fam_003_M,แม่ (M),11,11,0,100.0%,-,✅ Pass
Fam_004,Fam_004_C,Fam_004_F,พ่อ (F),11,11,0,100.0%,-,✅ Pass
Fam_004,Fam_004_C,Fam_004_M,แม่ (M),11,11,0,100.0%,-,✅ Pass
Fam_005,Fam_005_C,Fam_005_F,พ่อ (F),11,11,0,100.0%,-,✅ Pass
Fam_005,Fam_005_C,Fam_005_M,แม่ (M),11,11,0,100.0%,-,✅ Pass
Fam_006,Fam_006_C,Fam_006_F,พ่อ (F),11,11,0,100.0%,-,✅ Pass
Fam_006,Fam_006_C,Fam_006_M,แม่ (M),11,11,0,100.0%,-,✅ Pass
Fam_007,Fam_007_C,Fam_007_F,พ่อ (F),11,9,2,81.8%,"BM2113, TGLA227",❌ Mismatch (2)
Fam_007,Fam_007_C,Fam_007_M,แม่ (M),11,10,1,90.9%,TGLA122,❌ Mismatch (1)
Fam_008,Fam_008_C,Fam_008_F,พ่อ (F),11,11,0,100.0%,-,✅ Pass
Fam_008,Fam_008_C,Fam_008_M,แม่ (M),11,11,0,100.0%,-,✅ Pass
Fam_009,Fam_009_C,Fam_009_F,พ่อ (F),11,11,0,100.0%,-,✅ Pass
Fam_009,Fam_009_C,Fam_009_M,แม่ (M),11,11,0,100.0%,-,✅ Pass
Fam_010,Fam_010_C,Fam_010_F,พ่อ (F),11,7,4,63.6%,"BM1824, TGLA126, TGLA122, INRA23",❌ Mismatch (4)
Fam_010,Fam_010_C,Fam_010_M,แม่ (M),11,11,0,100.0%,-,✅ Pass
Fam_011,Fam_011_C,Fam_011_F,พ่อ (F),11,7,4,63.6%,"BM1824, TGLA126, TGLA122, INRA23",❌ Mismatch (4)
Fam_011,Fam_011_C,Fam_011_M,แม่ (M),11,11,0,100.0%,-,✅ Pass
Fam_012,Fam_012_C,Fam_012_F,พ่อ (F),11,11,0,100.0%,-,✅ Pass
Fam_012,Fam_012_C,Fam_012_M,แม่ (M),11,11,0,100.0%,-,✅ Pass
Fam_013,Fam_013_C,Fam_013_F,พ่อ (F),11,11,0,100.0%,-,✅ Pass
Fam_013,Fam_013_C,Fam_013_M,แม่ (M),11,11,0,100.0%,-,✅ Pass
Fam_014,Fam_014_C,Fam_014_F,พ่อ (F),11,11,0,100.0%,-,✅ Pass
Fam_014,Fam_014_C,Fam_014_M,แม่ (M),11,11,0,100.0%,-,✅ Pass
Fam_015,Fam_015_C,Fam_015_F,พ่อ (F),11,11,0,100.0%,-,✅ Pass
Fam_015,Fam_015_C,Fam_015_M,แม่ (M),11,11,0,100.0%,-,✅ Pass
Fam_016,Fam_016_C,Fam_016_F,พ่อ (F),11,11,0,100.0%,-,✅ Pass
Fam_016,Fam_016_C,Fam_016_M,แม่ (M),11,11,0,100.0%,-,✅ Pass
Fam_017,Fam_017_C,Fam_017_F,พ่อ (F),11,11,0,100.0%,-,✅ Pass
Fam_017,Fam_017_C,Fam_017_M,แม่ (M),11,11,0,100.0%,-,✅ Pass
Fam_018,Fam_018_C,Fam_018_F,พ่อ (F),11,11,0,100.0%,-,✅ Pass
Fam_018,Fam_018_C,Fam_018_M,แม่ (M),11,11,0,100.0%,-,✅ Pass
Fam_019,Fam_019_C,Fam_019_F,พ่อ (F),11,10,1,90.9%,ETH10,❌ Mismatch (1)
Fam_019,Fam_019_C,Fam_019_M,แม่ (M),11,10,1,90.9%,ETH10,❌ Mismatch (1)
Fam_020,Fam_020_C,Fam_020_F,พ่อ (F),11,11,0,100.0%,-,✅ Pass
Fam_020,Fam_020_C,Fam_020_M,แม่ (M),11,11,0,100.0%,-,✅ Pass
Fam_021,Fam_021_C,Fam_021_F,พ่อ (F),11,11,0,100.0%,-,✅ Pass
Fam_021,Fam_021_C,Fam_021_M,แม่ (M),11,11,0,100.0%,-,✅ Pass
Fam_022,Fam_022_C,Fam_022_F,พ่อ (F),11,11,0,100.0%,-,✅ Pass
Fam_022,Fam_022_C,Fam_022_M,แม่ (M),11,11,0,100.0%,-,✅ Pass
Fam_023,Fam_023_C,Fam_023_F,พ่อ (F),11,11,0,100.0%,-,✅ Pass
Fam_023,Fam_023_C,Fam_023_M,แม่ (M),11,11,0,100.0%,-,✅ Pass
Fam_024,Fam_024_C,Fam_024_F,พ่อ (F),11,11,0,100.0%,-,✅ Pass
Fam_024,Fam_024_C,Fam_024_M,แม่ (M),11,11,0,100.0%,-,✅ Pass
Fam_025,Fam_025_C,Fam_025_F,พ่อ (F),11,11,0,100.0%,-,✅ Pass
Fam_025,Fam_025_C,Fam_025_M,แม่ (M),11,11,0,100.0%,-,✅ Pass
Fam_026,Fam_026_C,Fam_026_F,พ่อ (F),11,11,0,100.0%,-,✅ Pass
Fam_026,Fam_026_C,Fam_026_M,แม่ (M),11,11,0,100.0%,-,✅ Pass
Fam_027,Fam_027_C,Fam_027_F,พ่อ (F),11,11,0,100.0%,-,✅ Pass
Fam_027,Fam_027_C,Fam_027_M,แม่ (M),11,11,0,100.0%,-,✅ Pass
Fam_028,Fam_028_C,Fam_028_F,พ่อ (F),11,11,0,100.0%,-,✅ Pass
Fam_028,Fam_028_C,Fam_028_M,แม่ (M),11,11,0,100.0%,-,✅ Pass
Fam_029,Fam_029_C,Fam_029_F,พ่อ (F),11,11,0,100.0%,-,✅ Pass
Fam_029,Fam_029_C,Fam_029_M,แม่ (M),11,11,0,100.0%,-,✅ Pass
Fam_030,Fam_030_C,Fam_030_F,พ่อ (F),11,11,0,100.0%,-,✅ Pass
Fam_030,Fam_030_C,Fam_030_M,แม่ (M),11,11,0,100.0%,-,✅ Pass
Fam_031,Fam_031_C,Fam_031_F,พ่อ (F),11,11,0,100.0%,-,✅ Pass
Fam_031,Fam_031_C,Fam_031_M,แม่ (M),11,11,0,100.0%,-,✅ Pass
Fam_032,Fam_032_C,Fam_032_F,พ่อ (F),11,11,0,100.0%,-,✅ Pass
Fam_032,Fam_032_C,Fam_032_M,แม่ (M),11,11,0,100.0%,-,✅ Pass
Fam_033,Fam_033_C,Fam_033_F,พ่อ (F),11,11,0,100.0%,-,✅ Pass
Fam_033,Fam_033_C,Fam_033_M,แม่ (M),11,11,0,100.0%,-,✅ Pass
Fam_034,Fam_034_C,Fam_034_F,พ่อ (F),11,11,0,100.0%,-,✅ Pass
Fam_034,Fam_034_C,Fam_034_M,แม่ (M),11,11,0,100.0%,-,✅ Pass
Fam_035,Fam_035_C,Fam_035_F,พ่อ (F),11,11,0,100.0%,-,✅ Pass
Fam_035,Fam_035_C,Fam_035_M,แม่ (M),11,11,0,100.0%,-,✅ Pass
Fam_036,Fam_036_C,Fam_036_F,พ่อ (F),11,11,0,100.0%,-,✅ Pass
Fam_036,Fam_036_C,Fam_036_M,แม่ (M),11,11,0,100.0%,-,✅ Pass
Fam_037,Fam_037_C,Fam_037_F,พ่อ (F),11,11,0,100.0%,-,✅ Pass
Fam_037,Fam_037_C,Fam_037_M,แม่ (M),11,11,0,100.0%,-,✅ Pass
Fam_038,Fam_038_C,Fam_038_F,พ่อ (F),11,11,0,100.0%,-,✅ Pass
Fam_038,Fam_038_C,Fam_038_M,แม่ (M),11,11,0,100.0%,-,✅ Pass
Fam_039,Fam_039_C,Fam_039_F,พ่อ (F),11,11,0,100.0%,-,✅ Pass
Fam_039,Fam_039_C,Fam_039_M,แม่ (M),11,11,0,100.0%,-,✅ Pass
Fam_040,Fam_040_C,Fam_040_F,พ่อ (F),11,10,1,90.9%,ETH225,❌ Mismatch (1)
Fam_040,Fam_040_C,Fam_040_M,แม่ (M),11,11,0,100.0%,-,✅ Pass
Fam_041,Fam_041_C,Fam_041_F,พ่อ (F),11,11,0,100.0%,-,✅ Pass
Fam_041,Fam_041_C,Fam_041_M,แม่ (M),11,11,0,100.0%,-,✅ Pass
Fam_042,Fam_042_C,Fam_042_F,พ่อ (F),11,11,0,100.0%,-,✅ Pass
Fam_042,Fam_042_C,Fam_042_M,แม่ (M),11,11,0,100.0%,-,✅ Pass
Fam_043,Fam_043_C,Fam_043_F,พ่อ (F),11,11,0,100.0%,-,✅ Pass
Fam_043,Fam_043_C,Fam_043_M,แม่ (M),11,11,0,100.0%,-,✅ Pass
Fam_044,Fam_044_C,Fam_044_F,พ่อ (F),11,11,0,100.0%,-,✅ Pass
Fam_044,Fam_044_C,Fam_044_M,แม่ (M),11,11,0,100.0%,-,✅ Pass
Fam_045,Fam_045_C,Fam_045_F,พ่อ (F),11,11,0,100.0%,-,✅ Pass
Fam_045,Fam_045_C,Fam_045_M,แม่ (M),11,11,0,100.0%,-,✅ Pass
Fam_046,Fam_046_C,Fam_046_F,พ่อ (F),11,11,0,100.0%,-,✅ Pass
Fam_046,Fam_046_C,Fam_046_M,แม่ (M),11,11,0,100.0%,-,✅ Pass
Fam_047,Fam_047_C,Fam_047_F,พ่อ (F),11,11,0,100.0%,-,✅ Pass
Fam_047,Fam_047_C,Fam_047_M,แม่ (M),11,11,0,100.0%,-,✅ Pass
Fam_048,Fam_048_C,Fam_048_F,พ่อ (F),11,11,0,100.0%,-,✅ Pass
Fam_048,Fam_048_C,Fam_048_M,แม่ (M),11,11,0,100.0%,-,✅ Pass
Fam_049,Fam_049_C,Fam_049_F,พ่อ (F),11,11,0,100.0%,-,✅ Pass
Fam_049,Fam_049_C,Fam_049_M,แม่ (M),11,11,0,100.0%,-,✅ Pass
Fam_050,Fam_050_C,Fam_050_F,พ่อ (F),11,11,0,100.0%,-,✅ Pass
Fam_050,Fam_050_C,Fam_050_M,แม่ (M),11,11,0,100.0%,-,✅ Pass
Fam_051,Fam_051_C,Fam_051_F,พ่อ (F),11,11,0,100.0%,-,✅ Pass
Fam_051,Fam_051_C,Fam_051_M,แม่ (M),11,11,0,100.0%,-,✅ Pass
Fam_052,Fam_052_C,Fam_052_F,พ่อ (F),11,11,0,100.0%,-,✅ Pass
Fam_052,Fam_052_C,Fam_052_M,แม่ (M),11,11,0,100.0%,-,✅ Pass
Fam_053,Fam_053_C,Fam_053_F,พ่อ (F),11,11,0,100.0%,-,✅ Pass
Fam_053,Fam_053_C,Fam_053_M,แม่ (M),11,11,0,100.0%,-,✅ Pass
Fam_054,Fam_054_C,Fam_054_F,พ่อ (F),11,11,0,100.0%,-,✅ Pass
Fam_054,Fam_054_C,Fam_054_M,แม่ (M),11,11,0,100.0%,-,✅ Pass
Fam_055,Fam_055_C,Fam_055_F,พ่อ (F),11,11,0,100.0%,-,✅ Pass
Fam_055,Fam_055_C,Fam_055_M,แม่ (M),11,11,0,100.0%,-,✅ Pass
Fam_056,Fam_056_C,Fam_056_F,พ่อ (F),11,11,0,100.0%,-,✅ Pass
Fam_056,Fam_056_C,Fam_056_M,แม่ (M),11,11,0,100.0%,-,✅ Pass
Fam_057,Fam_057_C,Fam_057_F,พ่อ (F),11,11,0,100.0%,-,✅ Pass
Fam_057,Fam_057_C,Fam_057_M,แม่ (M),11,11,0,100.0%,-,✅ Pass
Fam_058,Fam_058_C,Fam_058_F,พ่อ (F),11,11,0,100.0%,-,✅ Pass
Fam_058,Fam_058_C,Fam_058_M,แม่ (M),11,11,0,100.0%,-,✅ Pass
Fam_059,Fam_059_C,Fam_059_F,พ่อ (F),11,11,0,100.0%,-,✅ Pass
Fam_059,Fam_059_C,Fam_059_M,แม่ (M),11,11,0,100.0%,-,✅ Pass
Fam_060,Fam_060_C,Fam_060_F,พ่อ (F),11,11,0,100.0%,-,✅ Pass
Fam_060,Fam_060_C,Fam_060_M,แม่ (M),11,11,0,100.0%,-,✅ Pass
Fam_061,Fam_061_C,Fam_061_F,พ่อ (F),11,11,0,100.0%,-,✅ Pass
Fam_061,Fam_061_C,Fam_061_M,แม่ (M),11,11,0,100.0%,-,✅ Pass
Fam_062,Fam_062_C,Fam_062_F,พ่อ (F),11,11,0,100.0%,-,✅ Pass
Fam_062,Fam_062_C,Fam_062_M,แม่ (M),11,11,0,100.0%,-,✅ Pass
Fam_063,Fam_063_C,Fam_063_F,พ่อ (F),11,11,0,100.0%,-,✅ Pass
Fam_063,Fam_063_C,Fam_063_M,แม่ (M),11,11,0,100.0%,-,✅ Pass
Fam_064,Fam_064_C,Fam_064_F,พ่อ (F),11,11,0,100.0%,-,✅ Pass
Fam_064,Fam_064_C,Fam_064_M,แม่ (M),11,11,0,100.0%,-,✅ Pass
Fam_065,Fam_065_C,Fam_065_F,พ่อ (F),11,11,0,100.0%,-,✅ Pass
Fam_065,Fam_065_C,Fam_065_M,แม่ (M),11,11,0,100.0%,-,✅ Pass
Fam_066,Fam_066_C,Fam_066_F,พ่อ (F),11,11,0,100.0%,-,✅ Pass
Fam_066,Fam_066_C,Fam_066_M,แม่ (M),11,11,0,100.0%,-,✅ Pass
Fam_067,Fam_067_C,Fam_067_F,พ่อ (F),11,11,0,100.0%,-,✅ Pass
Fam_067,Fam_067_C,Fam_067_M,แม่ (M),11,11,0,100.0%,-,✅ Pass
Fam_068,Fam_068_C,Fam_068_F,พ่อ (F),11,11,0,100.0%,-,✅ Pass
Fam_068,Fam_068_C,Fam_068_M,แม่ (M),11,11,0,100.0%,-,✅ Pass
Fam_069,Fam_069_C,Fam_069_F,พ่อ (F),11,11,0,100.0%,-,✅ Pass
Fam_069,Fam_069_C,Fam_069_M,แม่ (M),11,11,0,100.0%,-,✅ Pass
Fam_070,Fam_070_C,Fam_070_F,พ่อ (F),11,11,0,100.0%,-,✅ Pass
Fam_070,Fam_070_C,Fam_070_M,แม่ (M),11,11,0,100.0%,-,✅ Pass
Fam_071,Fam_071_C,Fam_071_F,พ่อ (F),11,11,0,100.0%,-,✅ Pass
Fam_071,Fam_071_C,Fam_071_M,แม่ (M),11,11,0,100.0%,-,✅ Pass
Fam_072,Fam_072_C,Fam_072_F,พ่อ (F),11,11,0,100.0%,-,✅ Pass
Fam_072,Fam_072_C,Fam_072_M,แม่ (M),11,11,0,100.0%,-,✅ Pass
Fam_073,Fam_073_C,Fam_073_F,พ่อ (F),11,11,0,100.0%,-,✅ Pass
Fam_073,Fam_073_C,Fam_073_M,แม่ (M),11,11,0,100.0%,-,✅ Pass
Fam_074,Fam_074_C,Fam_074_F,พ่อ (F),11,11,0,100.0%,-,✅ Pass
Fam_074,Fam_074_C,Fam_074_M,แม่ (M),11,11,0,100.0%,-,✅ Pass
Fam_075,Fam_075_C,Fam_075_F,พ่อ (F),11,8,3,72.7%,"TGLA53, BM1824, TGLA122",❌ Mismatch (3)
Fam_075,Fam_075_C,Fam_075_M,แม่ (M),11,7,4,63.6%,"ETH225, TGLA122, INRA23, TGLA227",❌ Mismatch (4)
Fam_076,Fam_076_C,Fam_076_F,พ่อ (F),11,11,0,100.0%,-,✅ Pass
Fam_076,Fam_076_C,Fam_076_M,แม่ (M),11,7,4,63.6%,"TGLA53, ETH225, INRA23, TGLA227",❌ Mismatch (4)
Fam_077,Fam_077_C,Fam_077_F,พ่อ (F),11,11,0,100.0%,-,✅ Pass
Fam_077,Fam_077_C,Fam_077_M,แม่ (M),11,11,0,100.0%,-,✅ Pass
Fam_078,Fam_078_C,Fam_078_F,พ่อ (F),11,11,0,100.0%,-,✅ Pass
Fam_078,Fam_078_C,Fam_078_M,แม่ (M),11,11,0,100.0%,-,✅ Pass
Fam_079,Fam_079_C,Fam_079_F,พ่อ (F),11,11,0,100.0%,-,✅ Pass
Fam_079,Fam_079_C,Fam_079_M,แม่ (M),11,11,0,100.0%,-,✅ Pass
Fam_080,Fam_080_C,Fam_080_F,พ่อ (F),11,11,0,100.0%,-,✅ Pass
Fam_080,Fam_080_C,Fam_080_M,แม่ (M),11,11,0,100.0%,-,✅ Pass
Fam_081,Fam_081_C,Fam_081_F,พ่อ (F),11,10,1,90.9%,TGLA122,❌ Mismatch (1)
Fam_081,Fam_081_C,Fam_081_M,แม่ (M),11,11,0,100.0%,-,✅ Pass
Fam_082,Fam_082_C,Fam_082_F,พ่อ (F),11,11,0,100.0%,-,✅ Pass
Fam_082,Fam_082_C,Fam_082_M,แม่ (M),11,11,0,100.0%,-,✅ Pass
Fam_083,Fam_083_C,Fam_083_F,พ่อ (F),11,11,0,100.0%,-,✅ Pass
Fam_083,Fam_083_C,Fam_083_M,แม่ (M),11,11,0,100.0%,-,✅ Pass
Fam_084,Fam_084_C,Fam_084_F,พ่อ (F),11,11,0,100.0%,-,✅ Pass
Fam_084,Fam_084_C,Fam_084_M,แม่ (M),11,11,0,100.0%,-,✅ Pass
Fam_085,Fam_085_C,Fam_085_F,พ่อ (F),11,11,0,100.0%,-,✅ Pass
Fam_085,Fam_085_C,Fam_085_M,แม่ (M),11,11,0,100.0%,-,✅ Pass
Fam_086,Fam_086_C,Fam_086_F,พ่อ (F),11,11,0,100.0%,-,✅ Pass
Fam_086,Fam_086_C,Fam_086_M,แม่ (M),11,11,0,100.0%,-,✅ Pass
Fam_087,Fam_087_C,Fam_087_F,พ่อ (F),11,11,0,100.0%,-,✅ Pass
Fam_087,Fam_087_C,Fam_087_M,แม่ (M),11,11,0,100.0%,-,✅ Pass
Fam_088,Fam_088_C,Fam_088_F,พ่อ (F),11,11,0,100.0%,-,✅ Pass
Fam_088,Fam_088_C,Fam_088_M,แม่ (M),11,11,0,100.0%,-,✅ Pass
Fam_089,Fam_089_C,Fam_089_F,พ่อ (F),11,11,0,100.0%,-,✅ Pass
Fam_089,Fam_089_C,Fam_089_M,แม่ (M),11,11,0,100.0%,-,✅ Pass
Fam_090,Fam_090_C,Fam_090_F,พ่อ (F),11,11,0,100.0%,-,✅ Pass
Fam_090,Fam_090_C,Fam_090_M,แม่ (M),11,11,0,100.0%,-,✅ Pass
Fam_091,Fam_091_C,Fam_091_F,พ่อ (F),11,11,0,100.0%,-,✅ Pass
Fam_091,Fam_091_C,Fam_091_M,แม่ (M),11,11,0,100.0%,-,✅ Pass
Fam_092,Fam_092_C,Fam_092_F,พ่อ (F),11,11,0,100.0%,-,✅ Pass
Fam_092,Fam_092_C,Fam_092_M,แม่ (M),11,11,0,100.0%,-,✅ Pass
Fam_093,Fam_093_C,Fam_093_F,พ่อ (F),11,11,0,100.0%,-,✅ Pass
Fam_093,Fam_093_C,Fam_093_M,แม่ (M),11,11,0,100.0%,-,✅ Pass
Fam_094,Fam_094_C,Fam_094_F,พ่อ (F),11,11,0,100.0%,-,✅ Pass
Fam_094,Fam_094_C,Fam_094_M,แม่ (M),11,11,0,100.0%,-,✅ Pass
Fam_095,Fam_095_C,Fam_095_F,พ่อ (F),11,11,0,100.0%,-,✅ Pass
Fam_095,Fam_095_C,Fam_095_M,แม่ (M),11,11,0,100.0%,-,✅ Pass
Fam_096,Fam_096_C,Fam_096_F,พ่อ (F),11,11,0,100.0%,-,✅ Pass
Fam_096,Fam_096_C,Fam_096_M,แม่ (M),11,11,0,100.0%,-,✅ Pass
Fam_097,Fam_097_C,Fam_097_F,พ่อ (F),11,11,0,100.0%,-,✅ Pass
Fam_097,Fam_097_C,Fam_097_M,แม่ (M),11,11,0,100.0%,-,✅ Pass
Fam_098,Fam_098_C,Fam_098_F,พ่อ (F),11,11,0,100.0%,-,✅ Pass
Fam_098,Fam_098_C,Fam_098_M,แม่ (M),11,11,0,100.0%,-,✅ Pass
Fam_099,Fam_099_C,Fam_099_F,พ่อ (F),11,11,0,100.0%,-,✅ Pass
Fam_099,Fam_099_C,Fam_099_M,แม่ (M),11,11,0,100.0%,-,✅ Pass
Fam_100,Fam_100_C,Fam_100_F,พ่อ (F),11,11,0,100.0%,-,✅ Pass
Fam_100,Fam_100_C,Fam_100_M,แม่ (M),11,11,0,100.0%,-,✅ Pass
Fam_101,Fam_101_C,Fam_101_F,พ่อ (F),11,11,0,100.0%,-,✅ Pass
Fam_101,Fam_101_C,Fam_101_M,แม่ (M),11,11,0,100.0%,-,✅ Pass
Fam_102,Fam_102_C,Fam_102_F,พ่อ (F),11,11,0,100.0%,-,✅ Pass
Fam_102,Fam_102_C,Fam_102_M,แม่ (M),11,11,0,100.0%,-,✅ Pass
Fam_103,Fam_103_C,Fam_103_F,พ่อ (F),11,11,0,100.0%,-,✅ Pass
Fam_103,Fam_103_C,Fam_103_M,แม่ (M),11,11,0,100.0%,-,✅ Pass
Fam_104,Fam_104_C,Fam_104_F,พ่อ (F),11,11,0,100.0%,-,✅ Pass
Fam_104,Fam_104_C,Fam_104_M,แม่ (M),11,11,0,100.0%,-,✅ Pass
Fam_105,Fam_105_C,Fam_105_F,พ่อ (F),11,11,0,100.0%,-,✅ Pass
Fam_105,Fam_105_C,Fam_105_M,แม่ (M),11,11,0,100.0%,-,✅ Pass
Fam_484,Fam_484_C,Fam_484_F,พ่อ (F),11,11,0,100.0%,-,✅ Pass
Fam_484,Fam_484_C,Fam_484_M,แม่ (M),11,11,0,100.0%,-,✅ Pass
Fam_106,Fam_106_C,Fam_106_F,พ่อ (F),11,11,0,100.0%,-,✅ Pass
Fam_106,Fam_106_C,Fam_106_M,แม่ (M),11,11,0,100.0%,-,✅ Pass
Fam_485,Fam_485_C,Fam_485_F,พ่อ (F),11,11,0,100.0%,-,✅ Pass
Fam_485,Fam_485_C,Fam_485_M,แม่ (M),11,11,0,100.0%,-,✅ Pass
Fam_486,Fam_486_C,Fam_486_F,พ่อ (F),11,11,0,100.0%,-,✅ Pass
Fam_486,Fam_486_C,Fam_486_M,แม่ (M),11,11,0,100.0%,-,✅ Pass
Fam_107,Fam_107_C,Fam_107_F,พ่อ (F),11,11,0,100.0%,-,✅ Pass
Fam_107,Fam_107_C,Fam_107_M,แม่ (M),11,11,0,100.0%,-,✅ Pass
Fam_108,Fam_108_C,Fam_108_F,พ่อ (F),11,11,0,100.0%,-,✅ Pass
Fam_108,Fam_108_C,Fam_108_M,แม่ (M),11,11,0,100.0%,-,✅ Pass
Fam_109,Fam_109_C,Fam_109_F,พ่อ (F),11,11,0,100.0%,-,✅ Pass
Fam_109,Fam_109_C,Fam_109_M,แม่ (M),11,11,0,100.0%,-,✅ Pass
Fam_110,Fam_110_C,Fam_110_F,พ่อ (F),11,8,3,72.7%,"ETH3, ETH225, TGLA122",❌ Mismatch (3)
Fam_110,Fam_110_C,Fam_110_M,แม่ (M),11,11,0,100.0%,-,✅ Pass
Fam_111,Fam_111_C,Fam_111_F,พ่อ (F),11,11,0,100.0%,-,✅ Pass
Fam_111,Fam_111_C,Fam_111_M,แม่ (M),11,11,0,100.0%,-,✅ Pass
Fam_112,Fam_112_C,Fam_112_F,พ่อ (F),11,11,0,100.0%,-,✅ Pass
Fam_112,Fam_112_C,Fam_112_M,แม่ (M),11,11,0,100.0%,-,✅ Pass
Fam_113,Fam_113_C,Fam_113_F,พ่อ (F),11,11,0,100.0%,-,✅ Pass
Fam_113,Fam_113_C,Fam_113_M,แม่ (M),11,11,0,100.0%,-,✅ Pass
Fam_114,Fam_114_C,Fam_114_F,พ่อ (F),11,11,0,100.0%,-,✅ Pass
Fam_114,Fam_114_C,Fam_114_M,แม่ (M),11,11,0,100.0%,-,✅ Pass
Fam_115,Fam_115_C,Fam_115_F,พ่อ (F),11,11,0,100.0%,-,✅ Pass
Fam_115,Fam_115_C,Fam_115_M,แม่ (M),11,11,0,100.0%,-,✅ Pass
Fam_116,Fam_116_C,Fam_116_F,พ่อ (F),11,11,0,100.0%,-,✅ Pass
Fam_116,Fam_116_C,Fam_116_M,แม่ (M),11,11,0,100.0%,-,✅ Pass
Fam_117,Fam_117_C,Fam_117_F,พ่อ (F),11,11,0,100.0%,-,✅ Pass
Fam_117,Fam_117_C,Fam_117_M,แม่ (M),11,11,0,100.0%,-,✅ Pass
Fam_118,Fam_118_C,Fam_118_F,พ่อ (F),11,11,0,100.0%,-,✅ Pass
Fam_118,Fam_118_C,Fam_118_M,แม่ (M),11,11,0,100.0%,-,✅ Pass
Fam_119,Fam_119_C,Fam_119_F,พ่อ (F),11,11,0,100.0%,-,✅ Pass
Fam_119,Fam_119_C,Fam_119_M,แม่ (M),11,11,0,100.0%,-,✅ Pass
Fam_120,Fam_120_C,Fam_120_F,พ่อ (F),11,11,0,100.0%,-,✅ Pass
Fam_120,Fam_120_C,Fam_120_M,แม่ (M),11,11,0,100.0%,-,✅ Pass
Fam_121,Fam_121_C,Fam_121_F,พ่อ (F),11,11,0,100.0%,-,✅ Pass
Fam_121,Fam_121_C,Fam_121_M,แม่ (M),11,11,0,100.0%,-,✅ Pass
Fam_122,Fam_122_C,Fam_122_F,พ่อ (F),11,11,0,100.0%,-,✅ Pass
Fam_122,Fam_122_C,Fam_122_M,แม่ (M),11,11,0,100.0%,-,✅ Pass
Fam_123,Fam_123_C,Fam_123_F,พ่อ (F),11,11,0,100.0%,-,✅ Pass
Fam_123,Fam_123_C,Fam_123_M,แม่ (M),11,11,0,100.0%,-,✅ Pass
Fam_124,Fam_124_C,Fam_124_F,พ่อ (F),11,11,0,100.0%,-,✅ Pass
Fam_124,Fam_124_C,Fam_124_M,แม่ (M),11,11,0,100.0%,-,✅ Pass
Fam_125,Fam_125_C,Fam_125_F,พ่อ (F),11,11,0,100.0%,-,✅ Pass
Fam_125,Fam_125_C,Fam_125_M,แม่ (M),11,11,0,100.0%,-,✅ Pass
Fam_126,Fam_126_C,Fam_126_F,พ่อ (F),11,11,0,100.0%,-,✅ Pass
Fam_126,Fam_126_C,Fam_126_M,แม่ (M),11,11,0,100.0%,-,✅ Pass
Fam_127,Fam_127_C,Fam_127_F,พ่อ (F),11,11,0,100.0%,-,✅ Pass
Fam_127,Fam_127_C,Fam_127_M,แม่ (M),11,11,0,100.0%,-,✅ Pass
Fam_128,Fam_128_C,Fam_128_F,พ่อ (F),11,11,0,100.0%,-,✅ Pass
Fam_128,Fam_128_C,Fam_128_M,แม่ (M),11,11,0,100.0%,-,✅ Pass
Fam_129,Fam_129_C,Fam_129_F,พ่อ (F),11,11,0,100.0%,-,✅ Pass
Fam_129,Fam_129_C,Fam_129_M,แม่ (M),11,11,0,100.0%,-,✅ Pass
Fam_130,Fam_130_C,Fam_130_F,พ่อ (F),11,11,0,100.0%,-,✅ Pass
Fam_130,Fam_130_C,Fam_130_M,แม่ (M),11,11,0,100.0%,-,✅ Pass
Fam_131,Fam_131_C,Fam_131_F,พ่อ (F),11,11,0,100.0%,-,✅ Pass
Fam_131,Fam_131_C,Fam_131_M,แม่ (M),11,11,0,100.0%,-,✅ Pass
Fam_132,Fam_132_C,Fam_132_F,พ่อ (F),11,11,0,100.0%,-,✅ Pass
Fam_132,Fam_132_C,Fam_132_M,แม่ (M),11,11,0,100.0%,-,✅ Pass
Fam_133,Fam_133_C,Fam_133_F,พ่อ (F),11,11,0,100.0%,-,✅ Pass
Fam_133,Fam_133_C,Fam_133_M,แม่ (M),11,11,0,100.0%,-,✅ Pass
Fam_134,Fam_134_C,Fam_134_F,พ่อ (F),11,11,0,100.0%,-,✅ Pass
Fam_134,Fam_134_C,Fam_134_M,แม่ (M),11,11,0,100.0%,-,✅ Pass
Fam_135,Fam_135_C,Fam_135_F,พ่อ (F),11,9,2,81.8%,"TGLA53, TGLA227",❌ Mismatch (2)
Fam_135,Fam_135_C,Fam_135_M,แม่ (M),11,11,0,100.0%,-,✅ Pass
Fam_136,Fam_136_C,Fam_136_F,พ่อ (F),11,11,0,100.0%,-,✅ Pass
Fam_136,Fam_136_C,Fam_136_M,แม่ (M),11,7,4,63.6%,"TGLA53, BM1824, TGLA126, TGLA227",❌ Mismatch (4)
Fam_137,Fam_137_C,Fam_137_F,พ่อ (F),11,11,0,100.0%,-,✅ Pass
Fam_137,Fam_137_C,Fam_137_M,แม่ (M),11,11,0,100.0%,-,✅ Pass
Fam_138,Fam_138_C,Fam_138_F,พ่อ (F),11,11,0,100.0%,-,✅ Pass
Fam_138,Fam_138_C,Fam_138_M,แม่ (M),11,11,0,100.0%,-,✅ Pass
Fam_139,Fam_139_C,Fam_139_F,พ่อ (F),11,11,0,100.0%,-,✅ Pass
Fam_139,Fam_139_C,Fam_139_M,แม่ (M),11,11,0,100.0%,-,✅ Pass
Fam_140,Fam_140_C,Fam_140_F,พ่อ (F),11,11,0,100.0%,-,✅ Pass
Fam_140,Fam_140_C,Fam_140_M,แม่ (M),11,11,0,100.0%,-,✅ Pass
Fam_141,Fam_141_C,Fam_141_F,พ่อ (F),11,11,0,100.0%,-,✅ Pass
Fam_141,Fam_141_C,Fam_141_M,แม่ (M),11,11,0,100.0%,-,✅ Pass
Fam_142,Fam_142_C,Fam_142_F,พ่อ (F),11,11,0,100.0%,-,✅ Pass
Fam_142,Fam_142_C,Fam_142_M,แม่ (M),11,11,0,100.0%,-,✅ Pass
Fam_143,Fam_143_C,Fam_143_F,พ่อ (F),11,11,0,100.0%,-,✅ Pass
Fam_143,Fam_143_C,Fam_143_M,แม่ (M),11,11,0,100.0%,-,✅ Pass
Fam_144,Fam_144_C,Fam_144_F,พ่อ (F),11,11,0,100.0%,-,✅ Pass
Fam_144,Fam_144_C,Fam_144_M,แม่ (M),11,11,0,100.0%,-,✅ Pass
Fam_145,Fam_145_C,Fam_145_F,พ่อ (F),11,8,3,72.7%,"BM1824, TGLA122, TGLA227",❌ Mismatch (3)
Fam_145,Fam_145_C,Fam_145_M,แม่ (M),11,11,0,100.0%,-,✅ Pass
Fam_146,Fam_146_C,Fam_146_F,พ่อ (F),11,11,0,100.0%,-,✅ Pass
Fam_146,Fam_146_C,Fam_146_M,แม่ (M),11,11,0,100.0%,-,✅ Pass
Fam_147,Fam_147_C,Fam_147_F,พ่อ (F),11,11,0,100.0%,-,✅ Pass
Fam_147,Fam_147_C,Fam_147_M,แม่ (M),11,11,0,100.0%,-,✅ Pass
Fam_148,Fam_148_C,Fam_148_F,พ่อ (F),11,11,0,100.0%,-,✅ Pass
Fam_148,Fam_148_C,Fam_148_M,แม่ (M),11,11,0,100.0%,-,✅ Pass
Fam_149,Fam_149_C,Fam_149_F,พ่อ (F),11,11,0,100.0%,-,✅ Pass
Fam_149,Fam_149_C,Fam_149_M,แม่ (M),11,11,0,100.0%,-,✅ Pass
Fam_150,Fam_150_C,Fam_150_F,พ่อ (F),11,11,0,100.0%,-,✅ Pass
Fam_150,Fam_150_C,Fam_150_M,แม่ (M),11,11,0,100.0%,-,✅ Pass
Fam_151,Fam_151_C,Fam_151_F,พ่อ (F),11,11,0,100.0%,-,✅ Pass
Fam_151,Fam_151_C,Fam_151_M,แม่ (M),11,11,0,100.0%,-,✅ Pass
Fam_152,Fam_152_C,Fam_152_F,พ่อ (F),11,11,0,100.0%,-,✅ Pass
Fam_152,Fam_152_C,Fam_152_M,แม่ (M),11,11,0,100.0%,-,✅ Pass
Fam_153,Fam_153_C,Fam_153_F,พ่อ (F),11,11,0,100.0%,-,✅ Pass
Fam_153,Fam_153_C,Fam_153_M,แม่ (M),11,6,5,54.5%,"TGLA53, TGLA126, TGLA122, BM2113, INRA23",❌ Mismatch (5)
Fam_154,Fam_154_C,Fam_154_F,พ่อ (F),11,11,0,100.0%,-,✅ Pass
Fam_154,Fam_154_C,Fam_154_M,แม่ (M),11,11,0,100.0%,-,✅ Pass
Fam_155,Fam_155_C,Fam_155_F,พ่อ (F),11,11,0,100.0%,-,✅ Pass
Fam_155,Fam_155_C,Fam_155_M,แม่ (M),11,11,0,100.0%,-,✅ Pass
Fam_156,Fam_156_C,Fam_156_F,พ่อ (F),11,11,0,100.0%,-,✅ Pass
Fam_156,Fam_156_C,Fam_156_M,แม่ (M),11,11,0,100.0%,-,✅ Pass
Fam_157,Fam_157_C,Fam_157_F,พ่อ (F),11,11,0,100.0%,-,✅ Pass
Fam_157,Fam_157_C,Fam_157_M,แม่ (M),11,11,0,100.0%,-,✅ Pass
Fam_158,Fam_158_C,Fam_158_F,พ่อ (F),11,11,0,100.0%,-,✅ Pass
Fam_158,Fam_158_C,Fam_158_M,แม่ (M),11,11,0,100.0%,-,✅ Pass
Fam_159,Fam_159_C,Fam_159_F,พ่อ (F),11,11,0,100.0%,-,✅ Pass
Fam_159,Fam_159_C,Fam_159_M,แม่ (M),11,11,0,100.0%,-,✅ Pass
Fam_160,Fam_160_C,Fam_160_F,พ่อ (F),11,10,1,90.9%,TGLA53,❌ Mismatch (1)
Fam_160,Fam_160_C,Fam_160_M,แม่ (M),11,11,0,100.0%,-,✅ Pass
Fam_161,Fam_161_C,Fam_161_F,พ่อ (F),11,11,0,100.0%,-,✅ Pass
Fam_161,Fam_161_C,Fam_161_M,แม่ (M),11,11,0,100.0%,-,✅ Pass
Fam_162,Fam_162_C,Fam_162_F,พ่อ (F),11,11,0,100.0%,-,✅ Pass
Fam_162,Fam_162_C,Fam_162_M,แม่ (M),11,11,0,100.0%,-,✅ Pass
Fam_163,Fam_163_C,Fam_163_F,พ่อ (F),11,11,0,100.0%,-,✅ Pass
Fam_163,Fam_163_C,Fam_163_M,แม่ (M),11,11,0,100.0%,-,✅ Pass
Fam_164,Fam_164_C,Fam_164_F,พ่อ (F),11,11,0,100.0%,-,✅ Pass
Fam_164,Fam_164_C,Fam_164_M,แม่ (M),11,11,0,100.0%,-,✅ Pass
Fam_165,Fam_165_C,Fam_165_F,พ่อ (F),11,11,0,100.0%,-,✅ Pass
Fam_165,Fam_165_C,Fam_165_M,แม่ (M),11,11,0,100.0%,-,✅ Pass
Fam_166,Fam_166_C,Fam_166_F,พ่อ (F),11,11,0,100.0%,-,✅ Pass
Fam_166,Fam_166_C,Fam_166_M,แม่ (M),11,11,0,100.0%,-,✅ Pass
Fam_167,Fam_167_C,Fam_167_F,พ่อ (F),11,11,0,100.0%,-,✅ Pass
Fam_167,Fam_167_C,Fam_167_M,แม่ (M),11,11,0,100.0%,-,✅ Pass
Fam_168,Fam_168_C,Fam_168_F,พ่อ (F),11,11,0,100.0%,-,✅ Pass
Fam_168,Fam_168_C,Fam_168_M,แม่ (M),11,11,0,100.0%,-,✅ Pass
Fam_169,Fam_169_C,Fam_169_F,พ่อ (F),11,11,0,100.0%,-,✅ Pass
Fam_169,Fam_169_C,Fam_169_M,แม่ (M),11,11,0,100.0%,-,✅ Pass
Fam_170,Fam_170_C,Fam_170_F,พ่อ (F),11,11,0,100.0%,-,✅ Pass
Fam_170,Fam_170_C,Fam_170_M,แม่ (M),11,11,0,100.0%,-,✅ Pass
Fam_171,Fam_171_C,Fam_171_F,พ่อ (F),11,10,1,90.9%,ETH225,❌ Mismatch (1)
Fam_171,Fam_171_C,Fam_171_M,แม่ (M),11,11,0,100.0%,-,✅ Pass
Fam_172,Fam_172_C,Fam_172_F,พ่อ (F),11,10,1,90.9%,ETH225,❌ Mismatch (1)
Fam_172,Fam_172_C,Fam_172_M,แม่ (M),11,11,0,100.0%,-,✅ Pass
Fam_173,Fam_173_C,Fam_173_F,พ่อ (F),11,11,0,100.0%,-,✅ Pass
Fam_173,Fam_173_C,Fam_173_M,แม่ (M),11,11,0,100.0%,-,✅ Pass
Fam_174,Fam_174_C,Fam_174_F,พ่อ (F),11,11,0,100.0%,-,✅ Pass
Fam_174,Fam_174_C,Fam_174_M,แม่ (M),11,11,0,100.0%,-,✅ Pass
Fam_175,Fam_175_C,Fam_175_F,พ่อ (F),11,11,0,100.0%,-,✅ Pass
Fam_175,Fam_175_C,Fam_175_M,แม่ (M),11,11,0,100.0%,-,✅ Pass
Fam_176,Fam_176_C,Fam_176_F,พ่อ (F),11,11,0,100.0%,-,✅ Pass
Fam_176,Fam_176_C,Fam_176_M,แม่ (M),11,11,0,100.0%,-,✅ Pass
Fam_177,Fam_177_C,Fam_177_F,พ่อ (F),11,11,0,100.0%,-,✅ Pass
Fam_177,Fam_177_C,Fam_177_M,แม่ (M),11,11,0,100.0%,-,✅ Pass
Fam_178,Fam_178_C,Fam_178_F,พ่อ (F),11,11,0,100.0%,-,✅ Pass
Fam_178,Fam_178_C,Fam_178_M,แม่ (M),11,11,0,100.0%,-,✅ Pass
Fam_179,Fam_179_C,Fam_179_F,พ่อ (F),11,11,0,100.0%,-,✅ Pass
Fam_179,Fam_179_C,Fam_179_M,แม่ (M),11,11,0,100.0%,-,✅ Pass
Fam_180,Fam_180_C,Fam_180_F,พ่อ (F),11,11,0,100.0%,-,✅ Pass
Fam_180,Fam_180_C,Fam_180_M,แม่ (M),11,8,3,72.7%,"TGLA53, ETH3, TGLA227",❌ Mismatch (3)
Fam_181,Fam_181_C,Fam_181_F,พ่อ (F),11,11,0,100.0%,-,✅ Pass
Fam_181,Fam_181_C,Fam_181_M,แม่ (M),11,8,3,72.7%,"TGLA53, ETH3, TGLA227",❌ Mismatch (3)
Fam_182,Fam_182_C,Fam_182_F,พ่อ (F),11,11,0,100.0%,-,✅ Pass
Fam_182,Fam_182_C,Fam_182_M,แม่ (M),11,11,0,100.0%,-,✅ Pass
Fam_183,Fam_183_C,Fam_183_F,พ่อ (F),11,11,0,100.0%,-,✅ Pass
Fam_183,Fam_183_C,Fam_183_M,แม่ (M),11,11,0,100.0%,-,✅ Pass
Fam_184,Fam_184_C,Fam_184_F,พ่อ (F),11,11,0,100.0%,-,✅ Pass
Fam_184,Fam_184_C,Fam_184_M,แม่ (M),11,11,0,100.0%,-,✅ Pass
Fam_185,Fam_185_C,Fam_185_F,พ่อ (F),11,11,0,100.0%,-,✅ Pass
Fam_185,Fam_185_C,Fam_185_M,แม่ (M),11,11,0,100.0%,-,✅ Pass
Fam_186,Fam_186_C,Fam_186_F,พ่อ (F),11,9,2,81.8%,"ETH3, TGLA122",❌ Mismatch (2)
Fam_186,Fam_186_C,Fam_186_M,แม่ (M),11,11,0,100.0%,-,✅ Pass
Fam_187,Fam_187_C,Fam_187_F,พ่อ (F),11,11,0,100.0%,-,✅ Pass
Fam_187,Fam_187_C,Fam_187_M,แม่ (M),11,11,0,100.0%,-,✅ Pass
Fam_188,Fam_188_C,Fam_188_F,พ่อ (F),11,11,0,100.0%,-,✅ Pass
Fam_188,Fam_188_C,Fam_188_M,แม่ (M),11,11,0,100.0%,-,✅ Pass
Fam_189,Fam_189_C,Fam_189_F,พ่อ (F),11,11,0,100.0%,-,✅ Pass
Fam_189,Fam_189_C,Fam_189_M,แม่ (M),11,11,0,100.0%,-,✅ Pass
Fam_190,Fam_190_C,Fam_190_F,พ่อ (F),11,11,0,100.0%,-,✅ Pass
Fam_190,Fam_190_C,Fam_190_M,แม่ (M),11,11,0,100.0%,-,✅ Pass
Fam_191,Fam_191_C,Fam_191_F,พ่อ (F),11,11,0,100.0%,-,✅ Pass
Fam_191,Fam_191_C,Fam_191_M,แม่ (M),11,11,0,100.0%,-,✅ Pass
Fam_192,Fam_192_C,Fam_192_F,พ่อ (F),11,11,0,100.0%,-,✅ Pass
Fam_192,Fam_192_C,Fam_192_M,แม่ (M),11,11,0,100.0%,-,✅ Pass
Fam_193,Fam_193_C,Fam_193_F,พ่อ (F),11,11,0,100.0%,-,✅ Pass
Fam_193,Fam_193_C,Fam_193_M,แม่ (M),11,11,0,100.0%,-,✅ Pass
Fam_194,Fam_194_C,Fam_194_F,พ่อ (F),11,11,0,100.0%,-,✅ Pass
Fam_194,Fam_194_C,Fam_194_M,แม่ (M),11,11,0,100.0%,-,✅ Pass
Fam_195,Fam_195_C,Fam_195_F,พ่อ (F),11,9,2,81.8%,"ETH3, INRA23",❌ Mismatch (2)
Fam_195,Fam_195_C,Fam_195_M,แม่ (M),11,11,0,100.0%,-,✅ Pass
Fam_196,Fam_196_C,Fam_196_F,พ่อ (F),11,10,1,90.9%,ETH225,❌ Mismatch (1)
Fam_196,Fam_196_C,Fam_196_M,แม่ (M),11,11,0,100.0%,-,✅ Pass
Fam_197,Fam_197_C,Fam_197_F,พ่อ (F),11,11,0,100.0%,-,✅ Pass
Fam_197,Fam_197_C,Fam_197_M,แม่ (M),11,11,0,100.0%,-,✅ Pass
Fam_198,Fam_198_C,Fam_198_F,พ่อ (F),11,10,1,90.9%,ETH225,❌ Mismatch (1)
Fam_198,Fam_198_C,Fam_198_M,แม่ (M),11,11,0,100.0%,-,✅ Pass
Fam_199,Fam_199_C,Fam_199_F,พ่อ (F),11,10,1,90.9%,ETH225,❌ Mismatch (1)
Fam_199,Fam_199_C,Fam_199_M,แม่ (M),11,11,0,100.0%,-,✅ Pass
Fam_200,Fam_200_C,Fam_200_F,พ่อ (F),11,9,2,81.8%,"ETH3, INRA23",❌ Mismatch (2)
Fam_200,Fam_200_C,Fam_200_M,แม่ (M),11,11,0,100.0%,-,✅ Pass
Fam_201,Fam_201_C,Fam_201_F,พ่อ (F),11,10,1,90.9%,ETH225,❌ Mismatch (1)
Fam_201,Fam_201_C,Fam_201_M,แม่ (M),11,11,0,100.0%,-,✅ Pass
Fam_202,Fam_202_C,Fam_202_F,พ่อ (F),11,11,0,100.0%,-,✅ Pass
Fam_202,Fam_202_C,Fam_202_M,แม่ (M),11,11,0,100.0%,-,✅ Pass
Fam_203,Fam_203_C,Fam_203_F,พ่อ (F),11,10,1,90.9%,ETH225,❌ Mismatch (1)
Fam_203,Fam_203_C,Fam_203_M,แม่ (M),11,11,0,100.0%,-,✅ Pass
Fam_204,Fam_204_C,Fam_204_F,พ่อ (F),11,10,1,90.9%,ETH225,❌ Mismatch (1)
Fam_204,Fam_204_C,Fam_204_M,แม่ (M),11,11,0,100.0%,-,✅ Pass
Fam_205,Fam_205_C,Fam_205_F,พ่อ (F),11,11,0,100.0%,-,✅ Pass
Fam_205,Fam_205_C,Fam_205_M,แม่ (M),11,11,0,100.0%,-,✅ Pass
Fam_206,Fam_206_C,Fam_206_F,พ่อ (F),11,8,3,72.7%,"TGLA53, ETH225, TGLA122",❌ Mismatch (3)
Fam_206,Fam_206_C,Fam_206_M,แม่ (M),11,11,0,100.0%,-,✅ Pass
Fam_207,Fam_207_C,Fam_207_F,พ่อ (F),11,11,0,100.0%,-,✅ Pass
Fam_207,Fam_207_C,Fam_207_M,แม่ (M),11,11,0,100.0%,-,✅ Pass
Fam_208,Fam_208_C,Fam_208_F,พ่อ (F),11,11,0,100.0%,-,✅ Pass
Fam_208,Fam_208_C,Fam_208_M,แม่ (M),11,11,0,100.0%,-,✅ Pass
Fam_209,Fam_209_C,Fam_209_F,พ่อ (F),11,11,0,100.0%,-,✅ Pass
Fam_209,Fam_209_C,Fam_209_M,แม่ (M),11,11,0,100.0%,-,✅ Pass
Fam_210,Fam_210_C,Fam_210_F,พ่อ (F),11,11,0,100.0%,-,✅ Pass
Fam_210,Fam_210_C,Fam_210_M,แม่ (M),11,11,0,100.0%,-,✅ Pass
Fam_211,Fam_211_C,Fam_211_F,พ่อ (F),11,11,0,100.0%,-,✅ Pass
Fam_211,Fam_211_C,Fam_211_M,แม่ (M),11,11,0,100.0%,-,✅ Pass
Fam_212,Fam_212_C,Fam_212_F,พ่อ (F),11,11,0,100.0%,-,✅ Pass
Fam_212,Fam_212_C,Fam_212_M,แม่ (M),11,11,0,100.0%,-,✅ Pass
Fam_213,Fam_213_C,Fam_213_F,พ่อ (F),11,11,0,100.0%,-,✅ Pass
Fam_213,Fam_213_C,Fam_213_M,แม่ (M),11,11,0,100.0%,-,✅ Pass
Fam_214,Fam_214_C,Fam_214_F,พ่อ (F),11,11,0,100.0%,-,✅ Pass
Fam_214,Fam_214_C,Fam_214_M,แม่ (M),11,11,0,100.0%,-,✅ Pass
Fam_215,Fam_215_C,Fam_215_F,พ่อ (F),11,11,0,100.0%,-,✅ Pass
Fam_215,Fam_215_C,Fam_215_M,แม่ (M),11,11,0,100.0%,-,✅ Pass
Fam_216,Fam_216_C,Fam_216_F,พ่อ (F),11,11,0,100.0%,-,✅ Pass
Fam_216,Fam_216_C,Fam_216_M,แม่ (M),11,11,0,100.0%,-,✅ Pass
Fam_217,Fam_217_C,Fam_217_F,พ่อ (F),11,11,0,100.0%,-,✅ Pass
Fam_217,Fam_217_C,Fam_217_M,แม่ (M),11,11,0,100.0%,-,✅ Pass
Fam_218,Fam_218_C,Fam_218_F,พ่อ (F),11,11,0,100.0%,-,✅ Pass
Fam_218,Fam_218_C,Fam_218_M,แม่ (M),11,5,6,45.5%,"TGLA53, BM1824, SPS115, TGLA122, BM2113, TGLA227",❌ Mismatch (6)
Fam_219,Fam_219_C,Fam_219_F,พ่อ (F),11,11,0,100.0%,-,✅ Pass
Fam_219,Fam_219_C,Fam_219_M,แม่ (M),11,6,5,54.5%,"ETH3, ETH225, TGLA122, BM2113, TGLA227",❌ Mismatch (5)
Fam_220,Fam_220_C,Fam_220_F,พ่อ (F),11,11,0,100.0%,-,✅ Pass
Fam_220,Fam_220_C,Fam_220_M,แม่ (M),11,11,0,100.0%,-,✅ Pass
Fam_221,Fam_221_C,Fam_221_F,พ่อ (F),11,11,0,100.0%,-,✅ Pass
Fam_221,Fam_221_C,Fam_221_M,แม่ (M),11,11,0,100.0%,-,✅ Pass
Fam_222,Fam_222_C,Fam_222_F,พ่อ (F),11,11,0,100.0%,-,✅ Pass
Fam_222,Fam_222_C,Fam_222_M,แม่ (M),11,9,2,81.8%,"TGLA53, SPS115",❌ Mismatch (2)
Fam_223,Fam_223_C,Fam_223_F,พ่อ (F),11,11,0,100.0%,-,✅ Pass
Fam_223,Fam_223_C,Fam_223_M,แม่ (M),11,11,0,100.0%,-,✅ Pass
Fam_224,Fam_224_C,Fam_224_F,พ่อ (F),11,7,4,63.6%,"TGLA53, SPS115, ETH10, TGLA227",❌ Mismatch (4)
Fam_224,Fam_224_C,Fam_224_M,แม่ (M),11,11,0,100.0%,-,✅ Pass
Fam_225,Fam_225_C,Fam_225_F,พ่อ (F),11,11,0,100.0%,-,✅ Pass
Fam_225,Fam_225_C,Fam_225_M,แม่ (M),11,11,0,100.0%,-,✅ Pass
Fam_226,Fam_226_C,Fam_226_F,พ่อ (F),11,11,0,100.0%,-,✅ Pass
Fam_226,Fam_226_C,Fam_226_M,แม่ (M),11,11,0,100.0%,-,✅ Pass
Fam_227,Fam_227_C,Fam_227_F,พ่อ (F),11,11,0,100.0%,-,✅ Pass
Fam_227,Fam_227_C,Fam_227_M,แม่ (M),11,11,0,100.0%,-,✅ Pass
Fam_228,Fam_228_C,Fam_228_F,พ่อ (F),11,11,0,100.0%,-,✅ Pass
Fam_228,Fam_228_C,Fam_228_M,แม่ (M),11,11,0,100.0%,-,✅ Pass
Fam_229,Fam_229_C,Fam_229_F,พ่อ (F),11,11,0,100.0%,-,✅ Pass
Fam_229,Fam_229_C,Fam_229_M,แม่ (M),11,11,0,100.0%,-,✅ Pass
Fam_230,Fam_230_C,Fam_230_F,พ่อ (F),11,11,0,100.0%,-,✅ Pass
Fam_230,Fam_230_C,Fam_230_M,แม่ (M),11,11,0,100.0%,-,✅ Pass
Fam_231,Fam_231_C,Fam_231_F,พ่อ (F),11,11,0,100.0%,-,✅ Pass
Fam_231,Fam_231_C,Fam_231_M,แม่ (M),11,11,0,100.0%,-,✅ Pass
Fam_232,Fam_232_C,Fam_232_F,พ่อ (F),11,11,0,100.0%,-,✅ Pass
Fam_232,Fam_232_C,Fam_232_M,แม่ (M),11,11,0,100.0%,-,✅ Pass
Fam_233,Fam_233_C,Fam_233_F,พ่อ (F),11,9,2,81.8%,"TGLA53, ETH10",❌ Mismatch (2)
Fam_233,Fam_233_C,Fam_233_M,แม่ (M),11,11,0,100.0%,-,✅ Pass
Fam_234,Fam_234_C,Fam_234_F,พ่อ (F),11,11,0,100.0%,-,✅ Pass
Fam_234,Fam_234_C,Fam_234_M,แม่ (M),11,11,0,100.0%,-,✅ Pass
Fam_235,Fam_235_C,Fam_235_F,พ่อ (F),11,11,0,100.0%,-,✅ Pass
Fam_235,Fam_235_C,Fam_235_M,แม่ (M),11,11,0,100.0%,-,✅ Pass
Fam_236,Fam_236_C,Fam_236_F,พ่อ (F),11,11,0,100.0%,-,✅ Pass
Fam_236,Fam_236_C,Fam_236_M,แม่ (M),11,11,0,100.0%,-,✅ Pass
Fam_237,Fam_237_C,Fam_237_F,พ่อ (F),11,11,0,100.0%,-,✅ Pass
Fam_237,Fam_237_C,Fam_237_M,แม่ (M),11,11,0,100.0%,-,✅ Pass
Fam_238,Fam_238_C,Fam_238_F,พ่อ (F),11,11,0,100.0%,-,✅ Pass
Fam_238,Fam_238_C,Fam_238_M,แม่ (M),11,10,1,90.9%,BM1824,❌ Mismatch (1)
Fam_239,Fam_239_C,Fam_239_F,พ่อ (F),11,11,0,100.0%,-,✅ Pass
Fam_239,Fam_239_C,Fam_239_M,แม่ (M),11,11,0,100.0%,-,✅ Pass
Fam_240,Fam_240_C,Fam_240_F,พ่อ (F),11,11,0,100.0%,-,✅ Pass
Fam_240,Fam_240_C,Fam_240_M,แม่ (M),11,11,0,100.0%,-,✅ Pass
Fam_241,Fam_241_C,Fam_241_F,พ่อ (F),11,11,0,100.0%,-,✅ Pass
Fam_241,Fam_241_C,Fam_241_M,แม่ (M),11,11,0,100.0%,-,✅ Pass
Fam_242,Fam_242_C,Fam_242_F,พ่อ (F),11,11,0,100.0%,-,✅ Pass
Fam_242,Fam_242_C,Fam_242_M,แม่ (M),11,11,0,100.0%,-,✅ Pass
Fam_243,Fam_243_C,Fam_243_F,พ่อ (F),11,11,0,100.0%,-,✅ Pass
Fam_243,Fam_243_C,Fam_243_M,แม่ (M),11,11,0,100.0%,-,✅ Pass
Fam_244,Fam_244_C,Fam_244_F,พ่อ (F),11,11,0,100.0%,-,✅ Pass
Fam_244,Fam_244_C,Fam_244_M,แม่ (M),11,11,0,100.0%,-,✅ Pass
Fam_245,Fam_245_C,Fam_245_F,พ่อ (F),11,11,0,100.0%,-,✅ Pass
Fam_245,Fam_245_C,Fam_245_M,แม่ (M),11,11,0,100.0%,-,✅ Pass
Fam_246,Fam_246_C,Fam_246_F,พ่อ (F),11,11,0,100.0%,-,✅ Pass
Fam_246,Fam_246_C,Fam_246_M,แม่ (M),11,11,0,100.0%,-,✅ Pass
Fam_247,Fam_247_C,Fam_247_F,พ่อ (F),11,11,0,100.0%,-,✅ Pass
Fam_247,Fam_247_C,Fam_247_M,แม่ (M),11,11,0,100.0%,-,✅ Pass
Fam_248,Fam_248_C,Fam_248_F,พ่อ (F),11,11,0,100.0%,-,✅ Pass
Fam_248,Fam_248_C,Fam_248_M,แม่ (M),11,11,0,100.0%,-,✅ Pass
Fam_249,Fam_249_C,Fam_249_F,พ่อ (F),11,11,0,100.0%,-,✅ Pass
Fam_249,Fam_249_C,Fam_249_M,แม่ (M),11,11,0,100.0%,-,✅ Pass
Fam_250,Fam_250_C,Fam_250_F,พ่อ (F),11,11,0,100.0%,-,✅ Pass
Fam_250,Fam_250_C,Fam_250_M,แม่ (M),11,11,0,100.0%,-,✅ Pass
Fam_251,Fam_251_C,Fam_251_F,พ่อ (F),11,11,0,100.0%,-,✅ Pass
Fam_251,Fam_251_C,Fam_251_M,แม่ (M),11,11,0,100.0%,-,✅ Pass
Fam_252,Fam_252_C,Fam_252_F,พ่อ (F),11,11,0,100.0%,-,✅ Pass
Fam_252,Fam_252_C,Fam_252_M,แม่ (M),11,11,0,100.0%,-,✅ Pass
Fam_253,Fam_253_C,Fam_253_F,พ่อ (F),11,11,0,100.0%,-,✅ Pass
Fam_253,Fam_253_C,Fam_253_M,แม่ (M),11,11,0,100.0%,-,✅ Pass
Fam_254,Fam_254_C,Fam_254_F,พ่อ (F),11,11,0,100.0%,-,✅ Pass
Fam_254,Fam_254_C,Fam_254_M,แม่ (M),11,11,0,100.0%,-,✅ Pass
Fam_255,Fam_255_C,Fam_255_F,พ่อ (F),11,11,0,100.0%,-,✅ Pass
Fam_255,Fam_255_C,Fam_255_M,แม่ (M),11,10,1,90.9%,SPS115,❌ Mismatch (1)
Fam_256,Fam_256_C,Fam_256_F,พ่อ (F),11,11,0,100.0%,-,✅ Pass
Fam_256,Fam_256_C,Fam_256_M,แม่ (M),11,11,0,100.0%,-,✅ Pass
Fam_257,Fam_257_C,Fam_257_F,พ่อ (F),11,11,0,100.0%,-,✅ Pass
Fam_257,Fam_257_C,Fam_257_M,แม่ (M),11,11,0,100.0%,-,✅ Pass
Fam_258,Fam_258_C,Fam_258_F,พ่อ (F),11,11,0,100.0%,-,✅ Pass
Fam_258,Fam_258_C,Fam_258_M,แม่ (M),11,11,0,100.0%,-,✅ Pass
Fam_259,Fam_259_C,Fam_259_F,พ่อ (F),11,11,0,100.0%,-,✅ Pass
Fam_259,Fam_259_C,Fam_259_M,แม่ (M),11,11,0,100.0%,-,✅ Pass
Fam_260,Fam_260_C,Fam_260_F,พ่อ (F),11,11,0,100.0%,-,✅ Pass
Fam_260,Fam_260_C,Fam_260_M,แม่ (M),11,11,0,100.0%,-,✅ Pass
Fam_261,Fam_261_C,Fam_261_F,พ่อ (F),11,11,0,100.0%,-,✅ Pass
Fam_261,Fam_261_C,Fam_261_M,แม่ (M),11,11,0,100.0%,-,✅ Pass
Fam_262,Fam_262_C,Fam_262_F,พ่อ (F),11,11,0,100.0%,-,✅ Pass
Fam_262,Fam_262_C,Fam_262_M,แม่ (M),11,11,0,100.0%,-,✅ Pass
Fam_263,Fam_263_C,Fam_263_F,พ่อ (F),11,11,0,100.0%,-,✅ Pass
Fam_263,Fam_263_C,Fam_263_M,แม่ (M),11,11,0,100.0%,-,✅ Pass
Fam_264,Fam_264_C,Fam_264_F,พ่อ (F),11,11,0,100.0%,-,✅ Pass
Fam_264,Fam_264_C,Fam_264_M,แม่ (M),11,11,0,100.0%,-,✅ Pass
Fam_265,Fam_265_C,Fam_265_F,พ่อ (F),11,11,0,100.0%,-,✅ Pass
Fam_265,Fam_265_C,Fam_265_M,แม่ (M),11,11,0,100.0%,-,✅ Pass
Fam_266,Fam_266_C,Fam_266_F,พ่อ (F),11,11,0,100.0%,-,✅ Pass
Fam_266,Fam_266_C,Fam_266_M,แม่ (M),11,11,0,100.0%,-,✅ Pass
Fam_267,Fam_267_C,Fam_267_F,พ่อ (F),11,11,0,100.0%,-,✅ Pass
Fam_267,Fam_267_C,Fam_267_M,แม่ (M),11,11,0,100.0%,-,✅ Pass
Fam_268,Fam_268_C,Fam_268_F,พ่อ (F),11,11,0,100.0%,-,✅ Pass
Fam_268,Fam_268_C,Fam_268_M,แม่ (M),11,11,0,100.0%,-,✅ Pass
Fam_269,Fam_269_C,Fam_269_F,พ่อ (F),11,11,0,100.0%,-,✅ Pass
Fam_269,Fam_269_C,Fam_269_M,แม่ (M),11,11,0,100.0%,-,✅ Pass
Fam_270,Fam_270_C,Fam_270_F,พ่อ (F),11,11,0,100.0%,-,✅ Pass
Fam_270,Fam_270_C,Fam_270_M,แม่ (M),11,11,0,100.0%,-,✅ Pass
Fam_271,Fam_271_C,Fam_271_F,พ่อ (F),11,11,0,100.0%,-,✅ Pass
Fam_271,Fam_271_C,Fam_271_M,แม่ (M),11,11,0,100.0%,-,✅ Pass
Fam_272,Fam_272_C,Fam_272_F,พ่อ (F),11,11,0,100.0%,-,✅ Pass
Fam_272,Fam_272_C,Fam_272_M,แม่ (M),11,11,0,100.0%,-,✅ Pass
Fam_273,Fam_273_C,Fam_273_F,พ่อ (F),11,11,0,100.0%,-,✅ Pass
Fam_273,Fam_273_C,Fam_273_M,แม่ (M),11,11,0,100.0%,-,✅ Pass
Fam_274,Fam_274_C,Fam_274_F,พ่อ (F),11,5,6,45.5%,"TGLA53, ETH3, SPS115, ETH10, TGLA122, TGLA227",❌ Mismatch (6)
Fam_274,Fam_274_C,Fam_274_M,แม่ (M),11,11,0,100.0%,-,✅ Pass
Fam_275,Fam_275_C,Fam_275_F,พ่อ (F),11,11,0,100.0%,-,✅ Pass
Fam_275,Fam_275_C,Fam_275_M,แม่ (M),11,11,0,100.0%,-,✅ Pass
Fam_276,Fam_276_C,Fam_276_F,พ่อ (F),11,11,0,100.0%,-,✅ Pass
Fam_276,Fam_276_C,Fam_276_M,แม่ (M),11,11,0,100.0%,-,✅ Pass
Fam_277,Fam_277_C,Fam_277_F,พ่อ (F),11,11,0,100.0%,-,✅ Pass
Fam_277,Fam_277_C,Fam_277_M,แม่ (M),11,11,0,100.0%,-,✅ Pass
Fam_278,Fam_278_C,Fam_278_F,พ่อ (F),11,11,0,100.0%,-,✅ Pass
Fam_278,Fam_278_C,Fam_278_M,แม่ (M),11,11,0,100.0%,-,✅ Pass
Fam_279,Fam_279_C,Fam_279_F,พ่อ (F),11,11,0,100.0%,-,✅ Pass
Fam_279,Fam_279_C,Fam_279_M,แม่ (M),11,11,0,100.0%,-,✅ Pass
Fam_280,Fam_280_C,Fam_280_F,พ่อ (F),11,11,0,100.0%,-,✅ Pass
Fam_280,Fam_280_C,Fam_280_M,แม่ (M),11,11,0,100.0%,-,✅ Pass
Fam_281,Fam_281_C,Fam_281_F,พ่อ (F),11,11,0,100.0%,-,✅ Pass
Fam_281,Fam_281_C,Fam_281_M,แม่ (M),11,11,0,100.0%,-,✅ Pass
Fam_282,Fam_282_C,Fam_282_F,พ่อ (F),11,11,0,100.0%,-,✅ Pass
Fam_282,Fam_282_C,Fam_282_M,แม่ (M),11,11,0,100.0%,-,✅ Pass
Fam_283,Fam_283_C,Fam_283_F,พ่อ (F),11,11,0,100.0%,-,✅ Pass
Fam_283,Fam_283_C,Fam_283_M,แม่ (M),11,11,0,100.0%,-,✅ Pass
Fam_284,Fam_284_C,Fam_284_F,พ่อ (F),11,11,0,100.0%,-,✅ Pass
Fam_284,Fam_284_C,Fam_284_M,แม่ (M),11,11,0,100.0%,-,✅ Pass
Fam_285,Fam_285_C,Fam_285_F,พ่อ (F),11,11,0,100.0%,-,✅ Pass
Fam_285,Fam_285_C,Fam_285_M,แม่ (M),11,11,0,100.0%,-,✅ Pass
Fam_286,Fam_286_C,Fam_286_F,พ่อ (F),11,11,0,100.0%,-,✅ Pass
Fam_286,Fam_286_C,Fam_286_M,แม่ (M),11,7,4,63.6%,"TGLA53, BM1824, TGLA122, BM2113",❌ Mismatch (4)
Fam_287,Fam_287_C,Fam_287_F,พ่อ (F),11,8,3,72.7%,"ETH3, BM1824, SPS115",❌ Mismatch (3)
Fam_287,Fam_287_C,Fam_287_M,แม่ (M),11,11,0,100.0%,-,✅ Pass
Fam_288,Fam_288_C,Fam_288_F,พ่อ (F),11,11,0,100.0%,-,✅ Pass
Fam_288,Fam_288_C,Fam_288_M,แม่ (M),11,11,0,100.0%,-,✅ Pass
Fam_289,Fam_289_C,Fam_289_F,พ่อ (F),11,11,0,100.0%,-,✅ Pass
Fam_289,Fam_289_C,Fam_289_M,แม่ (M),11,11,0,100.0%,-,✅ Pass
Fam_290,Fam_290_C,Fam_290_F,พ่อ (F),11,11,0,100.0%,-,✅ Pass
Fam_290,Fam_290_C,Fam_290_M,แม่ (M),11,11,0,100.0%,-,✅ Pass
Fam_291,Fam_291_C,Fam_291_F,พ่อ (F),11,11,0,100.0%,-,✅ Pass
Fam_291,Fam_291_C,Fam_291_M,แม่ (M),11,11,0,100.0%,-,✅ Pass
Fam_292,Fam_292_C,Fam_292_F,พ่อ (F),11,11,0,100.0%,-,✅ Pass
Fam_292,Fam_292_C,Fam_292_M,แม่ (M),11,11,0,100.0%,-,✅ Pass
Fam_293,Fam_293_C,Fam_293_F,พ่อ (F),11,11,0,100.0%,-,✅ Pass
Fam_293,Fam_293_C,Fam_293_M,แม่ (M),11,11,0,100.0%,-,✅ Pass
Fam_294,Fam_294_C,Fam_294_F,พ่อ (F),11,6,5,54.5%,"SPS115, ETH225, TGLA122, INRA23, TGLA227",❌ Mismatch (5)
Fam_294,Fam_294_C,Fam_294_M,แม่ (M),11,11,0,100.0%,-,✅ Pass
Fam_295,Fam_295_C,Fam_295_F,พ่อ (F),11,11,0,100.0%,-,✅ Pass
Fam_295,Fam_295_C,Fam_295_M,แม่ (M),11,11,0,100.0%,-,✅ Pass
Fam_296,Fam_296_C,Fam_296_F,พ่อ (F),11,11,0,100.0%,-,✅ Pass
Fam_296,Fam_296_C,Fam_296_M,แม่ (M),11,11,0,100.0%,-,✅ Pass
Fam_297,Fam_297_C,Fam_297_F,พ่อ (F),11,11,0,100.0%,-,✅ Pass
Fam_297,Fam_297_C,Fam_297_M,แม่ (M),11,11,0,100.0%,-,✅ Pass
Fam_298,Fam_298_C,Fam_298_F,พ่อ (F),11,11,0,100.0%,-,✅ Pass
Fam_298,Fam_298_C,Fam_298_M,แม่ (M),11,11,0,100.0%,-,✅ Pass
Fam_299,Fam_299_C,Fam_299_F,พ่อ (F),11,11,0,100.0%,-,✅ Pass
Fam_299,Fam_299_C,Fam_299_M,แม่ (M),11,11,0,100.0%,-,✅ Pass
Fam_300,Fam_300_C,Fam_300_F,พ่อ (F),11,11,0,100.0%,-,✅ Pass
Fam_300,Fam_300_C,Fam_300_M,แม่ (M),11,11,0,100.0%,-,✅ Pass
Fam_301,Fam_301_C,Fam_301_F,พ่อ (F),11,11,0,100.0%,-,✅ Pass
Fam_301,Fam_301_C,Fam_301_M,แม่ (M),11,11,0,100.0%,-,✅ Pass
Fam_302,Fam_302_C,Fam_302_F,พ่อ (F),11,11,0,100.0%,-,✅ Pass
Fam_302,Fam_302_C,Fam_302_M,แม่ (M),11,11,0,100.0%,-,✅ Pass
Fam_303,Fam_303_C,Fam_303_F,พ่อ (F),11,11,0,100.0%,-,✅ Pass
Fam_303,Fam_303_C,Fam_303_M,แม่ (M),11,11,0,100.0%,-,✅ Pass
Fam_304,Fam_304_C,Fam_304_F,พ่อ (F),11,11,0,100.0%,-,✅ Pass
Fam_304,Fam_304_C,Fam_304_M,แม่ (M),11,11,0,100.0%,-,✅ Pass
Fam_305,Fam_305_C,Fam_305_F,พ่อ (F),11,11,0,100.0%,-,✅ Pass
Fam_305,Fam_305_C,Fam_305_M,แม่ (M),11,11,0,100.0%,-,✅ Pass
Fam_306,Fam_306_C,Fam_306_F,พ่อ (F),11,7,4,63.6%,"TGLA53, ETH3, TGLA122, TGLA227",❌ Mismatch (4)
Fam_306,Fam_306_C,Fam_306_M,แม่ (M),11,11,0,100.0%,-,✅ Pass
Fam_307,Fam_307_C,Fam_307_F,พ่อ (F),11,11,0,100.0%,-,✅ Pass
Fam_307,Fam_307_C,Fam_307_M,แม่ (M),11,11,0,100.0%,-,✅ Pass
Fam_308,Fam_308_C,Fam_308_F,พ่อ (F),11,11,0,100.0%,-,✅ Pass
Fam_308,Fam_308_C,Fam_308_M,แม่ (M),11,11,0,100.0%,-,✅ Pass
Fam_309,Fam_309_C,Fam_309_F,พ่อ (F),11,11,0,100.0%,-,✅ Pass
Fam_309,Fam_309_C,Fam_309_M,แม่ (M),11,11,0,100.0%,-,✅ Pass
Fam_310,Fam_310_C,Fam_310_F,พ่อ (F),11,11,0,100.0%,-,✅ Pass
Fam_310,Fam_310_C,Fam_310_M,แม่ (M),11,11,0,100.0%,-,✅ Pass
Fam_311,Fam_311_C,Fam_311_F,พ่อ (F),11,11,0,100.0%,-,✅ Pass
Fam_311,Fam_311_C,Fam_311_M,แม่ (M),11,11,0,100.0%,-,✅ Pass
Fam_312,Fam_312_C,Fam_312_F,พ่อ (F),11,11,0,100.0%,-,✅ Pass
Fam_312,Fam_312_C,Fam_312_M,แม่ (M),11,11,0,100.0%,-,✅ Pass
Fam_313,Fam_313_C,Fam_313_F,พ่อ (F),11,11,0,100.0%,-,✅ Pass
Fam_313,Fam_313_C,Fam_313_M,แม่ (M),11,11,0,100.0%,-,✅ Pass
Fam_314,Fam_314_C,Fam_314_F,พ่อ (F),11,11,0,100.0%,-,✅ Pass
Fam_314,Fam_314_C,Fam_314_M,แม่ (M),11,11,0,100.0%,-,✅ Pass
Fam_315,Fam_315_C,Fam_315_F,พ่อ (F),11,11,0,100.0%,-,✅ Pass
Fam_315,Fam_315_C,Fam_315_M,แม่ (M),11,11,0,100.0%,-,✅ Pass
Fam_316,Fam_316_C,Fam_316_F,พ่อ (F),11,11,0,100.0%,-,✅ Pass
Fam_316,Fam_316_C,Fam_316_M,แม่ (M),11,11,0,100.0%,-,✅ Pass
Fam_317,Fam_317_C,Fam_317_F,พ่อ (F),11,11,0,100.0%,-,✅ Pass
Fam_317,Fam_317_C,Fam_317_M,แม่ (M),11,11,0,100.0%,-,✅ Pass
Fam_318,Fam_318_C,Fam_318_F,พ่อ (F),11,11,0,100.0%,-,✅ Pass
Fam_318,Fam_318_C,Fam_318_M,แม่ (M),11,11,0,100.0%,-,✅ Pass
Fam_319,Fam_319_C,Fam_319_F,พ่อ (F),11,11,0,100.0%,-,✅ Pass
Fam_319,Fam_319_C,Fam_319_M,แม่ (M),11,11,0,100.0%,-,✅ Pass
Fam_320,Fam_320_C,Fam_320_F,พ่อ (F),11,10,1,90.9%,ETH225,❌ Mismatch (1)
Fam_320,Fam_320_C,Fam_320_M,แม่ (M),11,11,0,100.0%,-,✅ Pass
Fam_321,Fam_321_C,Fam_321_F,พ่อ (F),11,11,0,100.0%,-,✅ Pass
Fam_321,Fam_321_C,Fam_321_M,แม่ (M),11,11,0,100.0%,-,✅ Pass
Fam_322,Fam_322_C,Fam_322_F,พ่อ (F),11,11,0,100.0%,-,✅ Pass
Fam_322,Fam_322_C,Fam_322_M,แม่ (M),11,11,0,100.0%,-,✅ Pass
Fam_323,Fam_323_C,Fam_323_F,พ่อ (F),11,10,1,90.9%,TGLA227,❌ Mismatch (1)
Fam_323,Fam_323_C,Fam_323_M,แม่ (M),11,11,0,100.0%,-,✅ Pass
Fam_324,Fam_324_C,Fam_324_F,พ่อ (F),11,11,0,100.0%,-,✅ Pass
Fam_324,Fam_324_C,Fam_324_M,แม่ (M),11,11,0,100.0%,-,✅ Pass
Fam_325,Fam_325_C,Fam_325_F,พ่อ (F),11,11,0,100.0%,-,✅ Pass
Fam_325,Fam_325_C,Fam_325_M,แม่ (M),11,11,0,100.0%,-,✅ Pass
Fam_326,Fam_326_C,Fam_326_F,พ่อ (F),11,11,0,100.0%,-,✅ Pass
Fam_326,Fam_326_C,Fam_326_M,แม่ (M),11,11,0,100.0%,-,✅ Pass
Fam_327,Fam_327_C,Fam_327_F,พ่อ (F),11,11,0,100.0%,-,✅ Pass
Fam_327,Fam_327_C,Fam_327_M,แม่ (M),11,11,0,100.0%,-,✅ Pass
Fam_328,Fam_328_C,Fam_328_F,พ่อ (F),11,11,0,100.0%,-,✅ Pass
Fam_328,Fam_328_C,Fam_328_M,แม่ (M),11,11,0,100.0%,-,✅ Pass
Fam_329,Fam_329_C,Fam_329_F,พ่อ (F),11,10,1,90.9%,ETH225,❌ Mismatch (1)
Fam_329,Fam_329_C,Fam_329_M,แม่ (M),11,11,0,100.0%,-,✅ Pass
Fam_330,Fam_330_C,Fam_330_F,พ่อ (F),11,11,0,100.0%,-,✅ Pass
Fam_330,Fam_330_C,Fam_330_M,แม่ (M),11,11,0,100.0%,-,✅ Pass
Fam_331,Fam_331_C,Fam_331_F,พ่อ (F),11,11,0,100.0%,-,✅ Pass
Fam_331,Fam_331_C,Fam_331_M,แม่ (M),11,11,0,100.0%,-,✅ Pass
Fam_332,Fam_332_C,Fam_332_F,พ่อ (F),11,10,1,90.9%,ETH3,❌ Mismatch (1)
Fam_332,Fam_332_C,Fam_332_M,แม่ (M),11,11,0,100.0%,-,✅ Pass
Fam_333,Fam_333_C,Fam_333_F,พ่อ (F),11,11,0,100.0%,-,✅ Pass
Fam_333,Fam_333_C,Fam_333_M,แม่ (M),11,11,0,100.0%,-,✅ Pass
Fam_334,Fam_334_C,Fam_334_F,พ่อ (F),11,9,2,81.8%,"TGLA53, TGLA227",❌ Mismatch (2)
Fam_334,Fam_334_C,Fam_334_M,แม่ (M),11,11,0,100.0%,-,✅ Pass
Fam_335,Fam_335_C,Fam_335_F,พ่อ (F),11,11,0,100.0%,-,✅ Pass
Fam_335,Fam_335_C,Fam_335_M,แม่ (M),11,11,0,100.0%,-,✅ Pass
Fam_336,Fam_336_C,Fam_336_F,พ่อ (F),11,11,0,100.0%,-,✅ Pass
Fam_336,Fam_336_C,Fam_336_M,แม่ (M),11,11,0,100.0%,-,✅ Pass
Fam_337,Fam_337_C,Fam_337_F,พ่อ (F),11,11,0,100.0%,-,✅ Pass
Fam_337,Fam_337_C,Fam_337_M,แม่ (M),11,11,0,100.0%,-,✅ Pass
Fam_338,Fam_338_C,Fam_338_F,พ่อ (F),11,11,0,100.0%,-,✅ Pass
Fam_338,Fam_338_C,Fam_338_M,แม่ (M),11,11,0,100.0%,-,✅ Pass
Fam_339,Fam_339_C,Fam_339_F,พ่อ (F),11,11,0,100.0%,-,✅ Pass
Fam_339,Fam_339_C,Fam_339_M,แม่ (M),11,11,0,100.0%,-,✅ Pass
Fam_340,Fam_340_C,Fam_340_F,พ่อ (F),11,11,0,100.0%,-,✅ Pass
Fam_340,Fam_340_C,Fam_340_M,แม่ (M),11,11,0,100.0%,-,✅ Pass
Fam_341,Fam_341_C,Fam_341_F,พ่อ (F),11,11,0,100.0%,-,✅ Pass
Fam_341,Fam_341_C,Fam_341_M,แม่ (M),11,11,0,100.0%,-,✅ Pass
Fam_342,Fam_342_C,Fam_342_F,พ่อ (F),11,11,0,100.0%,-,✅ Pass
Fam_342,Fam_342_C,Fam_342_M,แม่ (M),11,11,0,100.0%,-,✅ Pass
Fam_343,Fam_343_C,Fam_343_F,พ่อ (F),11,11,0,100.0%,-,✅ Pass
Fam_343,Fam_343_C,Fam_343_M,แม่ (M),11,11,0,100.0%,-,✅ Pass
Fam_344,Fam_344_C,Fam_344_F,พ่อ (F),11,11,0,100.0%,-,✅ Pass
Fam_344,Fam_344_C,Fam_344_M,แม่ (M),11,11,0,100.0%,-,✅ Pass
Fam_345,Fam_345_C,Fam_345_F,พ่อ (F),11,10,1,90.9%,ETH3,❌ Mismatch (1)
Fam_345,Fam_345_C,Fam_345_M,แม่ (M),11,11,0,100.0%,-,✅ Pass
Fam_346,Fam_346_C,Fam_346_F,พ่อ (F),11,11,0,100.0%,-,✅ Pass
Fam_346,Fam_346_C,Fam_346_M,แม่ (M),11,11,0,100.0%,-,✅ Pass
Fam_347,Fam_347_C,Fam_347_F,พ่อ (F),11,11,0,100.0%,-,✅ Pass
Fam_347,Fam_347_C,Fam_347_M,แม่ (M),11,11,0,100.0%,-,✅ Pass
Fam_348,Fam_348_C,Fam_348_F,พ่อ (F),11,11,0,100.0%,-,✅ Pass
Fam_348,Fam_348_C,Fam_348_M,แม่ (M),11,11,0,100.0%,-,✅ Pass
Fam_349,Fam_349_C,Fam_349_F,พ่อ (F),11,11,0,100.0%,-,✅ Pass
Fam_349,Fam_349_C,Fam_349_M,แม่ (M),11,11,0,100.0%,-,✅ Pass
Fam_350,Fam_350_C,Fam_350_F,พ่อ (F),11,11,0,100.0%,-,✅ Pass
Fam_350,Fam_350_C,Fam_350_M,แม่ (M),11,11,0,100.0%,-,✅ Pass
Fam_351,Fam_351_C,Fam_351_F,พ่อ (F),11,11,0,100.0%,-,✅ Pass
Fam_351,Fam_351_C,Fam_351_M,แม่ (M),11,11,0,100.0%,-,✅ Pass
Fam_352,Fam_352_C,Fam_352_F,พ่อ (F),11,11,0,100.0%,-,✅ Pass
Fam_352,Fam_352_C,Fam_352_M,แม่ (M),11,11,0,100.0%,-,✅ Pass
Fam_353,Fam_353_C,Fam_353_F,พ่อ (F),11,11,0,100.0%,-,✅ Pass
Fam_353,Fam_353_C,Fam_353_M,แม่ (M),11,11,0,100.0%,-,✅ Pass
Fam_354,Fam_354_C,Fam_354_F,พ่อ (F),11,11,0,100.0%,-,✅ Pass
Fam_354,Fam_354_C,Fam_354_M,แม่ (M),11,11,0,100.0%,-,✅ Pass
Fam_355,Fam_355_C,Fam_355_F,พ่อ (F),11,11,0,100.0%,-,✅ Pass
Fam_355,Fam_355_C,Fam_355_M,แม่ (M),11,11,0,100.0%,-,✅ Pass
Fam_356,Fam_356_C,Fam_356_F,พ่อ (F),11,11,0,100.0%,-,✅ Pass
Fam_356,Fam_356_C,Fam_356_M,แม่ (M),11,11,0,100.0%,-,✅ Pass
Fam_357,Fam_357_C,Fam_357_F,พ่อ (F),11,11,0,100.0%,-,✅ Pass
Fam_357,Fam_357_C,Fam_357_M,แม่ (M),11,11,0,100.0%,-,✅ Pass
Fam_358,Fam_358_C,Fam_358_F,พ่อ (F),11,11,0,100.0%,-,✅ Pass
Fam_358,Fam_358_C,Fam_358_M,แม่ (M),11,11,0,100.0%,-,✅ Pass
Fam_359,Fam_359_C,Fam_359_F,พ่อ (F),11,10,1,90.9%,TGLA53,❌ Mismatch (1)
Fam_359,Fam_359_C,Fam_359_M,แม่ (M),11,11,0,100.0%,-,✅ Pass
Fam_360,Fam_360_C,Fam_360_F,พ่อ (F),11,11,0,100.0%,-,✅ Pass
Fam_360,Fam_360_C,Fam_360_M,แม่ (M),11,11,0,100.0%,-,✅ Pass
Fam_361,Fam_361_C,Fam_361_F,พ่อ (F),11,11,0,100.0%,-,✅ Pass
Fam_361,Fam_361_C,Fam_361_M,แม่ (M),11,11,0,100.0%,-,✅ Pass
Fam_362,Fam_362_C,Fam_362_F,พ่อ (F),11,11,0,100.0%,-,✅ Pass
Fam_362,Fam_362_C,Fam_362_M,แม่ (M),11,11,0,100.0%,-,✅ Pass
Fam_363,Fam_363_C,Fam_363_F,พ่อ (F),11,11,0,100.0%,-,✅ Pass
Fam_363,Fam_363_C,Fam_363_M,แม่ (M),11,11,0,100.0%,-,✅ Pass
Fam_364,Fam_364_C,Fam_364_F,พ่อ (F),11,10,1,90.9%,ETH225,❌ Mismatch (1)
Fam_364,Fam_364_C,Fam_364_M,แม่ (M),11,11,0,100.0%,-,✅ Pass
Fam_365,Fam_365_C,Fam_365_F,พ่อ (F),11,10,1,90.9%,ETH225,❌ Mismatch (1)
Fam_365,Fam_365_C,Fam_365_M,แม่ (M),11,11,0,100.0%,-,✅ Pass
Fam_366,Fam_366_C,Fam_366_F,พ่อ (F),11,11,0,100.0%,-,✅ Pass
Fam_366,Fam_366_C,Fam_366_M,แม่ (M),11,11,0,100.0%,-,✅ Pass
Fam_367,Fam_367_C,Fam_367_F,พ่อ (F),11,11,0,100.0%,-,✅ Pass
Fam_367,Fam_367_C,Fam_367_M,แม่ (M),11,11,0,100.0%,-,✅ Pass
Fam_368,Fam_368_C,Fam_368_F,พ่อ (F),11,11,0,100.0%,-,✅ Pass
Fam_368,Fam_368_C,Fam_368_M,แม่ (M),11,11,0,100.0%,-,✅ Pass
Fam_369,Fam_369_C,Fam_369_F,พ่อ (F),11,11,0,100.0%,-,✅ Pass
Fam_369,Fam_369_C,Fam_369_M,แม่ (M),11,11,0,100.0%,-,✅ Pass
Fam_370,Fam_370_C,Fam_370_F,พ่อ (F),11,11,0,100.0%,-,✅ Pass
Fam_370,Fam_370_C,Fam_370_M,แม่ (M),11,11,0,100.0%,-,✅ Pass
Fam_371,Fam_371_C,Fam_371_F,พ่อ (F),11,11,0,100.0%,-,✅ Pass
Fam_371,Fam_371_C,Fam_371_M,แม่ (M),11,11,0,100.0%,-,✅ Pass
Fam_372,Fam_372_C,Fam_372_F,พ่อ (F),11,11,0,100.0%,-,✅ Pass
Fam_372,Fam_372_C,Fam_372_M,แม่ (M),11,11,0,100.0%,-,✅ Pass
Fam_373,Fam_373_C,Fam_373_F,พ่อ (F),11,11,0,100.0%,-,✅ Pass
Fam_373,Fam_373_C,Fam_373_M,แม่ (M),11,11,0,100.0%,-,✅ Pass
Fam_374,Fam_374_C,Fam_374_F,พ่อ (F),11,11,0,100.0%,-,✅ Pass
Fam_374,Fam_374_C,Fam_374_M,แม่ (M),11,11,0,100.0%,-,✅ Pass
Fam_375,Fam_375_C,Fam_375_F,พ่อ (F),11,11,0,100.0%,-,✅ Pass
Fam_375,Fam_375_C,Fam_375_M,แม่ (M),11,11,0,100.0%,-,✅ Pass
Fam_376,Fam_376_C,Fam_376_F,พ่อ (F),11,11,0,100.0%,-,✅ Pass
Fam_376,Fam_376_C,Fam_376_M,แม่ (M),11,11,0,100.0%,-,✅ Pass
Fam_377,Fam_377_C,Fam_377_F,พ่อ (F),11,11,0,100.0%,-,✅ Pass
Fam_377,Fam_377_C,Fam_377_M,แม่ (M),11,11,0,100.0%,-,✅ Pass
Fam_378,Fam_378_C,Fam_378_F,พ่อ (F),11,11,0,100.0%,-,✅ Pass
Fam_378,Fam_378_C,Fam_378_M,แม่ (M),11,11,0,100.0%,-,✅ Pass
Fam_379,Fam_379_C,Fam_379_F,พ่อ (F),11,11,0,100.0%,-,✅ Pass
Fam_379,Fam_379_C,Fam_379_M,แม่ (M),11,11,0,100.0%,-,✅ Pass
Fam_380,Fam_380_C,Fam_380_F,พ่อ (F),11,11,0,100.0%,-,✅ Pass
Fam_380,Fam_380_C,Fam_380_M,แม่ (M),11,11,0,100.0%,-,✅ Pass
Fam_381,Fam_381_C,Fam_381_F,พ่อ (F),11,8,3,72.7%,"SPS115, ETH10, ETH225",❌ Mismatch (3)
Fam_381,Fam_381_C,Fam_381_M,แม่ (M),11,11,0,100.0%,-,✅ Pass
Fam_382,Fam_382_C,Fam_382_F,พ่อ (F),11,11,0,100.0%,-,✅ Pass
Fam_382,Fam_382_C,Fam_382_M,แม่ (M),11,11,0,100.0%,-,✅ Pass
Fam_383,Fam_383_C,Fam_383_F,พ่อ (F),11,11,0,100.0%,-,✅ Pass
Fam_383,Fam_383_C,Fam_383_M,แม่ (M),11,11,0,100.0%,-,✅ Pass
Fam_384,Fam_384_C,Fam_384_F,พ่อ (F),11,11,0,100.0%,-,✅ Pass
Fam_384,Fam_384_C,Fam_384_M,แม่ (M),11,11,0,100.0%,-,✅ Pass
Fam_385,Fam_385_C,Fam_385_F,พ่อ (F),11,11,0,100.0%,-,✅ Pass
Fam_385,Fam_385_C,Fam_385_M,แม่ (M),11,11,0,100.0%,-,✅ Pass
Fam_386,Fam_386_C,Fam_386_F,พ่อ (F),11,11,0,100.0%,-,✅ Pass
Fam_386,Fam_386_C,Fam_386_M,แม่ (M),11,11,0,100.0%,-,✅ Pass
Fam_387,Fam_387_C,Fam_387_F,พ่อ (F),11,11,0,100.0%,-,✅ Pass
Fam_387,Fam_387_C,Fam_387_M,แม่ (M),11,11,0,100.0%,-,✅ Pass
Fam_388,Fam_388_C,Fam_388_F,พ่อ (F),11,11,0,100.0%,-,✅ Pass
Fam_388,Fam_388_C,Fam_388_M,แม่ (M),11,11,0,100.0%,-,✅ Pass
Fam_389,Fam_389_C,Fam_389_F,พ่อ (F),11,11,0,100.0%,-,✅ Pass
Fam_389,Fam_389_C,Fam_389_M,แม่ (M),11,11,0,100.0%,-,✅ Pass
Fam_390,Fam_390_C,Fam_390_F,พ่อ (F),11,11,0,100.0%,-,✅ Pass
Fam_390,Fam_390_C,Fam_390_M,แม่ (M),11,11,0,100.0%,-,✅ Pass
Fam_391,Fam_391_C,Fam_391_F,พ่อ (F),11,11,0,100.0%,-,✅ Pass
Fam_391,Fam_391_C,Fam_391_M,แม่ (M),11,11,0,100.0%,-,✅ Pass
Fam_392,Fam_392_C,Fam_392_F,พ่อ (F),11,11,0,100.0%,-,✅ Pass
Fam_392,Fam_392_C,Fam_392_M,แม่ (M),11,11,0,100.0%,-,✅ Pass
Fam_393,Fam_393_C,Fam_393_F,พ่อ (F),11,11,0,100.0%,-,✅ Pass
Fam_393,Fam_393_C,Fam_393_M,แม่ (M),11,11,0,100.0%,-,✅ Pass
Fam_394,Fam_394_C,Fam_394_F,พ่อ (F),11,11,0,100.0%,-,✅ Pass
Fam_394,Fam_394_C,Fam_394_M,แม่ (M),11,11,0,100.0%,-,✅ Pass
Fam_395,Fam_395_C,Fam_395_F,พ่อ (F),11,11,0,100.0%,-,✅ Pass
Fam_395,Fam_395_C,Fam_395_M,แม่ (M),11,11,0,100.0%,-,✅ Pass
Fam_396,Fam_396_C,Fam_396_F,พ่อ (F),11,11,0,100.0%,-,✅ Pass
Fam_396,Fam_396_C,Fam_396_M,แม่ (M),11,11,0,100.0%,-,✅ Pass
Fam_397,Fam_397_C,Fam_397_F,พ่อ (F),11,11,0,100.0%,-,✅ Pass
Fam_397,Fam_397_C,Fam_397_M,แม่ (M),11,11,0,100.0%,-,✅ Pass
Fam_398,Fam_398_C,Fam_398_F,พ่อ (F),11,10,1,90.9%,ETH225,❌ Mismatch (1)
Fam_398,Fam_398_C,Fam_398_M,แม่ (M),11,11,0,100.0%,-,✅ Pass
Fam_399,Fam_399_C,Fam_399_F,พ่อ (F),11,11,0,100.0%,-,✅ Pass
Fam_399,Fam_399_C,Fam_399_M,แม่ (M),11,11,0,100.0%,-,✅ Pass
Fam_400,Fam_400_C,Fam_400_F,พ่อ (F),11,11,0,100.0%,-,✅ Pass
Fam_400,Fam_400_C,Fam_400_M,แม่ (M),11,11,0,100.0%,-,✅ Pass
Fam_401,Fam_401_C,Fam_401_F,พ่อ (F),11,11,0,100.0%,-,✅ Pass
Fam_401,Fam_401_C,Fam_401_M,แม่ (M),11,11,0,100.0%,-,✅ Pass
Fam_402,Fam_402_C,Fam_402_F,พ่อ (F),11,11,0,100.0%,-,✅ Pass
Fam_402,Fam_402_C,Fam_402_M,แม่ (M),11,11,0,100.0%,-,✅ Pass
Fam_403,Fam_403_C,Fam_403_F,พ่อ (F),11,7,4,63.6%,"TGLA53, BM1824, TGLA122, TGLA227",❌ Mismatch (4)
Fam_403,Fam_403_C,Fam_403_M,แม่ (M),11,11,0,100.0%,-,✅ Pass
Fam_404,Fam_404_C,Fam_404_F,พ่อ (F),11,11,0,100.0%,-,✅ Pass
Fam_404,Fam_404_C,Fam_404_M,แม่ (M),11,11,0,100.0%,-,✅ Pass
Fam_405,Fam_405_C,Fam_405_F,พ่อ (F),11,11,0,100.0%,-,✅ Pass
Fam_405,Fam_405_C,Fam_405_M,แม่ (M),11,11,0,100.0%,-,✅ Pass
Fam_406,Fam_406_C,Fam_406_F,พ่อ (F),11,11,0,100.0%,-,✅ Pass
Fam_406,Fam_406_C,Fam_406_M,แม่ (M),11,11,0,100.0%,-,✅ Pass
Fam_407,Fam_407_C,Fam_407_F,พ่อ (F),11,11,0,100.0%,-,✅ Pass
Fam_407,Fam_407_C,Fam_407_M,แม่ (M),11,11,0,100.0%,-,✅ Pass
Fam_408,Fam_408_C,Fam_408_F,พ่อ (F),11,11,0,100.0%,-,✅ Pass
Fam_408,Fam_408_C,Fam_408_M,แม่ (M),11,11,0,100.0%,-,✅ Pass
Fam_409,Fam_409_C,Fam_409_F,พ่อ (F),11,11,0,100.0%,-,✅ Pass
Fam_409,Fam_409_C,Fam_409_M,แม่ (M),11,11,0,100.0%,-,✅ Pass
Fam_410,Fam_410_C,Fam_410_F,พ่อ (F),11,11,0,100.0%,-,✅ Pass
Fam_410,Fam_410_C,Fam_410_M,แม่ (M),11,11,0,100.0%,-,✅ Pass
Fam_411,Fam_411_C,Fam_411_F,พ่อ (F),11,11,0,100.0%,-,✅ Pass
Fam_411,Fam_411_C,Fam_411_M,แม่ (M),11,11,0,100.0%,-,✅ Pass
Fam_412,Fam_412_C,Fam_412_F,พ่อ (F),11,9,2,81.8%,"ETH225, BM2113",❌ Mismatch (2)
Fam_412,Fam_412_C,Fam_412_M,แม่ (M),11,11,0,100.0%,-,✅ Pass
Fam_413,Fam_413_C,Fam_413_F,พ่อ (F),11,11,0,100.0%,-,✅ Pass
Fam_413,Fam_413_C,Fam_413_M,แม่ (M),11,11,0,100.0%,-,✅ Pass
Fam_414,Fam_414_C,Fam_414_F,พ่อ (F),11,11,0,100.0%,-,✅ Pass
Fam_414,Fam_414_C,Fam_414_M,แม่ (M),11,11,0,100.0%,-,✅ Pass
Fam_415,Fam_415_C,Fam_415_F,พ่อ (F),11,11,0,100.0%,-,✅ Pass
Fam_415,Fam_415_C,Fam_415_M,แม่ (M),11,11,0,100.0%,-,✅ Pass
Fam_416,Fam_416_C,Fam_416_F,พ่อ (F),11,10,1,90.9%,ETH225,❌ Mismatch (1)
Fam_416,Fam_416_C,Fam_416_M,แม่ (M),11,11,0,100.0%,-,✅ Pass
Fam_417,Fam_417_C,Fam_417_F,พ่อ (F),11,11,0,100.0%,-,✅ Pass
Fam_417,Fam_417_C,Fam_417_M,แม่ (M),11,11,0,100.0%,-,✅ Pass
Fam_418,Fam_418_C,Fam_418_F,พ่อ (F),11,11,0,100.0%,-,✅ Pass
Fam_418,Fam_418_C,Fam_418_M,แม่ (M),11,11,0,100.0%,-,✅ Pass
Fam_419,Fam_419_C,Fam_419_F,พ่อ (F),11,8,3,72.7%,"SPS115, TGLA122, TGLA227",❌ Mismatch (3)
Fam_419,Fam_419_C,Fam_419_M,แม่ (M),11,11,0,100.0%,-,✅ Pass
Fam_420,Fam_420_C,Fam_420_F,พ่อ (F),11,11,0,100.0%,-,✅ Pass
Fam_420,Fam_420_C,Fam_420_M,แม่ (M),11,11,0,100.0%,-,✅ Pass
Fam_421,Fam_421_C,Fam_421_F,พ่อ (F),11,10,1,90.9%,ETH225,❌ Mismatch (1)
Fam_421,Fam_421_C,Fam_421_M,แม่ (M),11,11,0,100.0%,-,✅ Pass
Fam_422,Fam_422_C,Fam_422_F,พ่อ (F),11,11,0,100.0%,-,✅ Pass
Fam_422,Fam_422_C,Fam_422_M,แม่ (M),11,11,0,100.0%,-,✅ Pass
Fam_423,Fam_423_C,Fam_423_F,พ่อ (F),11,11,0,100.0%,-,✅ Pass
Fam_423,Fam_423_C,Fam_423_M,แม่ (M),11,11,0,100.0%,-,✅ Pass
Fam_424,Fam_424_C,Fam_424_F,พ่อ (F),11,11,0,100.0%,-,✅ Pass
Fam_424,Fam_424_C,Fam_424_M,แม่ (M),11,11,0,100.0%,-,✅ Pass
Fam_425,Fam_425_C,Fam_425_F,พ่อ (F),11,11,0,100.0%,-,✅ Pass
Fam_425,Fam_425_C,Fam_425_M,แม่ (M),11,11,0,100.0%,-,✅ Pass
Fam_426,Fam_426_C,Fam_426_F,พ่อ (F),11,11,0,100.0%,-,✅ Pass
Fam_426,Fam_426_C,Fam_426_M,แม่ (M),11,11,0,100.0%,-,✅ Pass
Fam_427,Fam_427_C,Fam_427_F,พ่อ (F),11,11,0,100.0%,-,✅ Pass
Fam_427,Fam_427_C,Fam_427_M,แม่ (M),11,11,0,100.0%,-,✅ Pass
Fam_428,Fam_428_C,Fam_428_F,พ่อ (F),11,11,0,100.0%,-,✅ Pass
Fam_428,Fam_428_C,Fam_428_M,แม่ (M),11,11,0,100.0%,-,✅ Pass
Fam_429,Fam_429_C,Fam_429_F,พ่อ (F),11,11,0,100.0%,-,✅ Pass
Fam_429,Fam_429_C,Fam_429_M,แม่ (M),11,11,0,100.0%,-,✅ Pass
Fam_430,Fam_430_C,Fam_430_F,พ่อ (F),11,10,1,90.9%,ETH225,❌ Mismatch (1)
Fam_430,Fam_430_C,Fam_430_M,แม่ (M),11,11,0,100.0%,-,✅ Pass
Fam_431,Fam_431_C,Fam_431_F,พ่อ (F),11,11,0,100.0%,-,✅ Pass
Fam_431,Fam_431_C,Fam_431_M,แม่ (M),11,11,0,100.0%,-,✅ Pass
Fam_432,Fam_432_C,Fam_432_F,พ่อ (F),11,11,0,100.0%,-,✅ Pass
Fam_432,Fam_432_C,Fam_432_M,แม่ (M),11,11,0,100.0%,-,✅ Pass
Fam_433,Fam_433_C,Fam_433_F,พ่อ (F),11,11,0,100.0%,-,✅ Pass
Fam_433,Fam_433_C,Fam_433_M,แม่ (M),11,11,0,100.0%,-,✅ Pass
Fam_434,Fam_434_C,Fam_434_F,พ่อ (F),11,11,0,100.0%,-,✅ Pass
Fam_434,Fam_434_C,Fam_434_M,แม่ (M),11,11,0,100.0%,-,✅ Pass
Fam_435,Fam_435_C,Fam_435_F,พ่อ (F),11,11,0,100.0%,-,✅ Pass
Fam_435,Fam_435_C,Fam_435_M,แม่ (M),11,11,0,100.0%,-,✅ Pass
Fam_436,Fam_436_C,Fam_436_F,พ่อ (F),11,11,0,100.0%,-,✅ Pass
Fam_436,Fam_436_C,Fam_436_M,แม่ (M),11,11,0,100.0%,-,✅ Pass
Fam_437,Fam_437_C,Fam_437_F,พ่อ (F),11,11,0,100.0%,-,✅ Pass
Fam_437,Fam_437_C,Fam_437_M,แม่ (M),11,11,0,100.0%,-,✅ Pass
Fam_438,Fam_438_C,Fam_438_F,พ่อ (F),11,11,0,100.0%,-,✅ Pass
Fam_438,Fam_438_C,Fam_438_M,แม่ (M),11,11,0,100.0%,-,✅ Pass
Fam_439,Fam_439_C,Fam_439_F,พ่อ (F),11,11,0,100.0%,-,✅ Pass
Fam_439,Fam_439_C,Fam_439_M,แม่ (M),11,11,0,100.0%,-,✅ Pass
Fam_440,Fam_440_C,Fam_440_F,พ่อ (F),11,10,1,90.9%,SPS115,❌ Mismatch (1)
Fam_440,Fam_440_C,Fam_440_M,แม่ (M),11,11,0,100.0%,-,✅ Pass
Fam_441,Fam_441_C,Fam_441_F,พ่อ (F),11,11,0,100.0%,-,✅ Pass
Fam_441,Fam_441_C,Fam_441_M,แม่ (M),11,11,0,100.0%,-,✅ Pass
Fam_442,Fam_442_C,Fam_442_F,พ่อ (F),11,10,1,90.9%,ETH225,❌ Mismatch (1)
Fam_442,Fam_442_C,Fam_442_M,แม่ (M),11,11,0,100.0%,-,✅ Pass
Fam_443,Fam_443_C,Fam_443_F,พ่อ (F),11,11,0,100.0%,-,✅ Pass
Fam_443,Fam_443_C,Fam_443_M,แม่ (M),11,11,0,100.0%,-,✅ Pass
Fam_444,Fam_444_C,Fam_444_F,พ่อ (F),11,11,0,100.0%,-,✅ Pass
Fam_444,Fam_444_C,Fam_444_M,แม่ (M),11,11,0,100.0%,-,✅ Pass
Fam_445,Fam_445_C,Fam_445_F,พ่อ (F),11,11,0,100.0%,-,✅ Pass
Fam_445,Fam_445_C,Fam_445_M,แม่ (M),11,11,0,100.0%,-,✅ Pass
Fam_446,Fam_446_C,Fam_446_F,พ่อ (F),11,10,1,90.9%,ETH225,❌ Mismatch (1)
Fam_446,Fam_446_C,Fam_446_M,แม่ (M),11,11,0,100.0%,-,✅ Pass
Fam_447,Fam_447_C,Fam_447_F,พ่อ (F),11,11,0,100.0%,-,✅ Pass
Fam_447,Fam_447_C,Fam_447_M,แม่ (M),11,11,0,100.0%,-,✅ Pass
Fam_448,Fam_448_C,Fam_448_F,พ่อ (F),11,11,0,100.0%,-,✅ Pass
Fam_448,Fam_448_C,Fam_448_M,แม่ (M),11,11,0,100.0%,-,✅ Pass
Fam_449,Fam_449_C,Fam_449_F,พ่อ (F),11,11,0,100.0%,-,✅ Pass
Fam_449,Fam_449_C,Fam_449_M,แม่ (M),11,11,0,100.0%,-,✅ Pass
Fam_450,Fam_450_C,Fam_450_F,พ่อ (F),11,11,0,100.0%,-,✅ Pass
Fam_450,Fam_450_C,Fam_450_M,แม่ (M),11,11,0,100.0%,-,✅ Pass
Fam_451,Fam_451_C,Fam_451_F,พ่อ (F),11,11,0,100.0%,-,✅ Pass
Fam_451,Fam_451_C,Fam_451_M,แม่ (M),11,11,0,100.0%,-,✅ Pass
Fam_452,Fam_452_C,Fam_452_F,พ่อ (F),11,11,0,100.0%,-,✅ Pass
Fam_452,Fam_452_C,Fam_452_M,แม่ (M),11,11,0,100.0%,-,✅ Pass
Fam_453,Fam_453_C,Fam_453_F,พ่อ (F),11,11,0,100.0%,-,✅ Pass
Fam_453,Fam_453_C,Fam_453_M,แม่ (M),11,11,0,100.0%,-,✅ Pass
Fam_454,Fam_454_C,Fam_454_F,พ่อ (F),11,11,0,100.0%,-,✅ Pass
Fam_454,Fam_454_C,Fam_454_M,แม่ (M),11,11,0,100.0%,-,✅ Pass
Fam_455,Fam_455_C,Fam_455_F,พ่อ (F),11,11,0,100.0%,-,✅ Pass
Fam_455,Fam_455_C,Fam_455_M,แม่ (M),11,11,0,100.0%,-,✅ Pass
Fam_456,Fam_456_C,Fam_456_F,พ่อ (F),11,11,0,100.0%,-,✅ Pass
Fam_456,Fam_456_C,Fam_456_M,แม่ (M),11,11,0,100.0%,-,✅ Pass
Fam_457,Fam_457_C,Fam_457_F,พ่อ (F),11,11,0,100.0%,-,✅ Pass
Fam_457,Fam_457_C,Fam_457_M,แม่ (M),11,11,0,100.0%,-,✅ Pass
Fam_458,Fam_458_C,Fam_458_F,พ่อ (F),11,11,0,100.0%,-,✅ Pass
Fam_458,Fam_458_C,Fam_458_M,แม่ (M),11,11,0,100.0%,-,✅ Pass
Fam_459,Fam_459_C,Fam_459_F,พ่อ (F),11,8,3,72.7%,"TGLA53, TGLA122, TGLA227",❌ Mismatch (3)
Fam_459,Fam_459_C,Fam_459_M,แม่ (M),11,11,0,100.0%,-,✅ Pass
Fam_460,Fam_460_C,Fam_460_F,พ่อ (F),11,11,0,100.0%,-,✅ Pass
Fam_460,Fam_460_C,Fam_460_M,แม่ (M),11,11,0,100.0%,-,✅ Pass
Fam_461,Fam_461_C,Fam_461_F,พ่อ (F),11,8,3,72.7%,"SPS115, BM2113, TGLA227",❌ Mismatch (3)
Fam_461,Fam_461_C,Fam_461_M,แม่ (M),11,11,0,100.0%,-,✅ Pass
Fam_462,Fam_462_C,Fam_462_F,พ่อ (F),11,9,2,81.8%,"SPS115, BM2113",❌ Mismatch (2)
Fam_462,Fam_462_C,Fam_462_M,แม่ (M),11,11,0,100.0%,-,✅ Pass
Fam_463,Fam_463_C,Fam_463_F,พ่อ (F),11,9,2,81.8%,"TGLA53, TGLA227",❌ Mismatch (2)
Fam_463,Fam_463_C,Fam_463_M,แม่ (M),11,11,0,100.0%,-,✅ Pass
Fam_464,Fam_464_C,Fam_464_F,พ่อ (F),11,11,0,100.0%,-,✅ Pass
Fam_464,Fam_464_C,Fam_464_M,แม่ (M),11,11,0,100.0%,-,✅ Pass
Fam_465,Fam_465_C,Fam_465_F,พ่อ (F),11,11,0,100.0%,-,✅ Pass
Fam_465,Fam_465_C,Fam_465_M,แม่ (M),11,11,0,100.0%,-,✅ Pass
Fam_466,Fam_466_C,Fam_466_F,พ่อ (F),11,11,0,100.0%,-,✅ Pass
Fam_466,Fam_466_C,Fam_466_M,แม่ (M),11,11,0,100.0%,-,✅ Pass
Fam_467,Fam_467_C,Fam_467_F,พ่อ (F),11,11,0,100.0%,-,✅ Pass
Fam_467,Fam_467_C,Fam_467_M,แม่ (M),11,11,0,100.0%,-,✅ Pass
Fam_468,Fam_468_C,Fam_468_F,พ่อ (F),11,11,0,100.0%,-,✅ Pass
Fam_468,Fam_468_C,Fam_468_M,แม่ (M),11,11,0,100.0%,-,✅ Pass
Fam_469,Fam_469_C,Fam_469_F,พ่อ (F),11,11,0,100.0%,-,✅ Pass
Fam_469,Fam_469_C,Fam_469_M,แม่ (M),11,11,0,100.0%,-,✅ Pass
Fam_470,Fam_470_C,Fam_470_F,พ่อ (F),11,11,0,100.0%,-,✅ Pass
Fam_470,Fam_470_C,Fam_470_M,แม่ (M),11,11,0,100.0%,-,✅ Pass
Fam_471,Fam_471_C,Fam_471_F,พ่อ (F),11,11,0,100.0%,-,✅ Pass
Fam_471,Fam_471_C,Fam_471_M,แม่ (M),11,11,0,100.0%,-,✅ Pass
Fam_472,Fam_472_C,Fam_472_F,พ่อ (F),11,11,0,100.0%,-,✅ Pass
Fam_472,Fam_472_C,Fam_472_M,แม่ (M),11,11,0,100.0%,-,✅ Pass
Fam_473,Fam_473_C,Fam_473_F,พ่อ (F),11,6,5,54.5%,"TGLA53, SPS115, ETH225, TGLA122, BM2113",❌ Mismatch (5)
Fam_473,Fam_473_C,Fam_473_M,แม่ (M),11,10,1,90.9%,SPS115,❌ Mismatch (1)
Fam_474,Fam_474_C,Fam_474_F,พ่อ (F),11,9,2,81.8%,"TGLA53, TGLA227",❌ Mismatch (2)
Fam_474,Fam_474_C,Fam_474_M,แม่ (M),11,11,0,100.0%,-,✅ Pass
Fam_475,Fam_475_C,Fam_475_F,พ่อ (F),11,8,3,72.7%,"TGLA53, TGLA122, TGLA227",❌ Mismatch (3)
Fam_475,Fam_475_C,Fam_475_M,แม่ (M),11,11,0,100.0%,-,✅ Pass
Fam_476,Fam_476_C,Fam_476_F,พ่อ (F),11,6,5,54.5%,"TGLA53, BM1824, SPS115, TGLA122, TGLA227",❌ Mismatch (5)
Fam_476,Fam_476_C,Fam_476_M,แม่ (M),11,11,0,100.0%,-,✅ Pass
Fam_477,Fam_477_C,Fam_477_F,พ่อ (F),11,4,7,36.4%,"TGLA53, BM1824, ETH10, ETH225, TGLA126, BM2113, INRA23",❌ Mismatch (7)
Fam_477,Fam_477_C,Fam_477_M,แม่ (M),11,11,0,100.0%,-,✅ Pass
Fam_478,Fam_478_C,Fam_478_F,พ่อ (F),11,11,0,100.0%,-,✅ Pass
Fam_478,Fam_478_C,Fam_478_M,แม่ (M),11,11,0,100.0%,-,✅ Pass
Fam_479,Fam_479_C,Fam_479_F,พ่อ (F),11,11,0,100.0%,-,✅ Pass
Fam_479,Fam_479_C,Fam_479_M,แม่ (M),11,11,0,100.0%,-,✅ Pass
Fam_480,Fam_480_C,Fam_480_F,พ่อ (F),11,11,0,100.0%,-,✅ Pass
Fam_480,Fam_480_C,Fam_480_M,แม่ (M),11,11,0,100.0%,-,✅ Pass
Fam_481,Fam_481_C,Fam_481_F,พ่อ (F),11,11,0,100.0%,-,✅ Pass
Fam_481,Fam_481_C,Fam_481_M,แม่ (M),11,11,0,100.0%,-,✅ Pass
Fam_482,Fam_482_C,Fam_482_F,พ่อ (F),11,11,0,100.0%,-,✅ Pass
Fam_482,Fam_482_C,Fam_482_M,แม่ (M),11,11,0,100.0%,-,✅ Pass
Fam_483,Fam_483_C,Fam_483_F,พ่อ (F),11,11,0,100.0%,-,✅ Pass
Fam_483,Fam_483_C,Fam_483_M,แม่ (M),11,11,0,100.0%,-,✅ Pass
